article_id,author,category,created_at,link,pub_date,title
AKR20260521182000001,황윤기,정치,1779382953152,https://www.yna.co.kr/view/AKR20260521182000001,1779370692000,"李대통령, 익선동 야장 깜짝방문…카페서 ""거기 커피는 아니죠?"""
AKR20260521087952001,박수윤,정치,1779382953164,https://www.yna.co.kr/view/AKR20260521087952001,1779370067000,"[24시 동행취재] 오세훈 ""鄭에 한표도 못준다""…강북 출발·강남 피날레(종합2보)"
AKR20260521095152001,최평천,정치,1779382953165,https://www.yna.co.kr/view/AKR20260521095152001,1779369067000,"[24시 동행취재] 한강벨트 찍고 강남 찾은 정원오…""남탓하는 吳바꿔야""(종합2보)"
AKR20260521160100063,김준범,정치,1779382953166,https://www.yna.co.kr/view/AKR20260521160100063,1779368401000,통합무산 책임론에 네거티브까지…충남지사 토론회서 공방 가열
AKR20260521179500004,최원정,사회,1779382953167,https://www.yna.co.kr/view/AKR20260521179500004,1779367158000,'내란선전' 前 KTV원장 구속영장 기각…특검 첫 신병확보 실패
AKR20260521179000064,박병기,정치,1779382953168,https://www.yna.co.kr/view/AKR20260521179000064,1779366545000,"""검증된 행정가"" vs ""예산 전문가"" 옥천군수 TV 토론서 격돌"
AKR20260521178000001,고동욱,사회,1779382953169,https://www.yna.co.kr/view/AKR20260521178000001,1779366377000,"李대통령, 여름 앞둔 쪽방촌 방문…""어머님들이 건강하셔야"""
AKR20260521178900064,전창해,정치,1779382953170,https://www.yna.co.kr/view/AKR20260521178900064,1779365931000,"조병옥 ""중단없는 발전 약속"" vs 임택수 ""도돌이 행정은 안돼"""
AKR20260521175500001,권희원,정치,1779382953172,https://www.yna.co.kr/view/AKR20260521175500001,1779365897000,"이준석, 李대통령 스벅질타에 ""정원오 5·18 알리바이는 정의인가"""
AKR20260521150751001,김상연,정치,1779382953173,https://www.yna.co.kr/view/AKR20260521150751001,1779364811000,"與, 유정복 '가상자산 신고누락' 의혹 맹폭…""내일 경찰 고발 예정""(종합)"
AKR20260521175800051,이영재,정치,1779382953174,https://www.yna.co.kr/view/AKR20260521175800051,1779362776000,"한동훈, 박민식에 ""하정우 당선되더라도 날 막겠단 입장인 듯"""
AKR20260521087851052,김선경,정치,1779382953175,https://www.yna.co.kr/view/AKR20260521087851052,1779362210000,거대 양당 경남지사·창원시장 후보 출정식…창원서 세 대결(종합)
AKR20260521174500001,설승은,사회,1779382953176,https://www.yna.co.kr/view/AKR20260521174500001,1779361927000,"모교 창학기념식 참석한 金여사 ""교육, 사회 변화시키는 큰 힘"""
AKR20260521173500052,박정헌,사회,1779382953176,https://www.yna.co.kr/view/AKR20260521173500052,1779361308000,"진주시장 후보 토론, 우주항공 비전·금품요구 의혹 두고 격돌"
AKR20260521173200065,신민재,정치,1779382953177,https://www.yna.co.kr/view/AKR20260521173200065,1779360647000,"유정복측 ""가상자산 신고누락 주장은 정치공세""…반박자료 공개"
AKR20260521173400504,민선희,정치,1779382953178,https://www.yna.co.kr/view/AKR20260521173400504,1779359479000,"외교부, 초국가범죄 대응 동향 점검…동남아·중국 공관장회의"
AKR20260521170100001,이상현,정치,1779382953179,https://www.yna.co.kr/view/AKR20260521170100001,1779358668000,"金총리, 유엔개발계획 총재 면담…'AI 허브' 등 협력 논의"
AKR20260521168900061,김광호,정치,1779382953180,https://www.yna.co.kr/view/AKR20260521168900061,1779356979000,"민주·혁신당, 평택을 재선거 첫날부터 '자질·네거티브' 공방"
AKR20260521169000064,천경환,정치,1779382953181,https://www.yna.co.kr/view/AKR20260521169000064,1779356463000,충북 단양군수 TV 토론…공약 실현성 놓고 공방
AKR20260521166800504,민선희,산업,1779382953182,https://www.yna.co.kr/view/AKR20260521166800504,1779355710000,한-키르기스스탄 경제공동위 개최…韓기업 투자 확대 논의
AKR20260521095151001,최평천,정치,1779382953183,https://www.yna.co.kr/view/AKR20260521095151001,1779355157000,"[24시 동행취재] 한강벨트 찍고 강남 향한 정원오…""'남탓' 오세훈 바꿔야""(종합)"
AKR20260521087951001,박수윤,정치,1779382953184,https://www.yna.co.kr/view/AKR20260521087951001,1779355150000,"[24시 동행취재] 강북 먼저 파고든 오세훈…""정원오에 단 한 표도 주지말라""(종합)"
AKR20260521158800057,허광무,정치,1779382953185,https://www.yna.co.kr/view/AKR20260521158800057,1779354890000,"울산남갑 보선 후보들, 선거운동 첫날 ""내가 참 일꾼"" 호소"
AKR20260521166100062,이상학,정치,1779382953186,https://www.yna.co.kr/view/AKR20260521166100062,1779354582000,춘천시장 후보들 공식선거운동 돌입…'원팀' 앞세워 표심 공략
AKR20260521165500054,정다움,사회,1779382953186,https://www.yna.co.kr/view/AKR20260521165500054,1779354380000,"전남광주시장 후보들 ""행정통합 성공위해 시민참여 확대"""
AKR20260521164600061,김광호,정치,1779382953187,https://www.yna.co.kr/view/AKR20260521164600061,1779354303000,'K-반도체 중심' 용인시장 선거 13일간의 열전 돌입
AKR20260521162300063,박주영,사회,1779382953188,https://www.yna.co.kr/view/AKR20260521162300063,1779354271000,"'이장우 스카이박스 무상이용 의혹', 선거 앞두고 고발전 비화"
AKR20260521159200001,서혜림,사회,1779382953189,https://www.yna.co.kr/view/AKR20260521159200001,1779354013000,"與 '5·18 비방·모욕 처벌법' 발의…""엄벌로 모독행위 응징"""
AKR20260521162500504,김철선,정치,1779382953190,https://www.yna.co.kr/view/AKR20260521162500504,1779353954000,"한미동맹재단, 임진각 미군 참전기념비서 합동 추모식"
AKR20260521158500057,장지현,사회,1779382953190,https://www.yna.co.kr/view/AKR20260521158500057,1779353839000,"""김두겸 후보, 취재진 폭행"" 주장에 金 ""사실 왜곡, 고발 조치"""
AKR20260521158400504,하채림,북한,1779382953191,https://www.yna.co.kr/view/AKR20260521158400504,1779353808000,"정동영, 美전문가와 간담회…'현실적 북핵 해법' 의견교환"
AKR20260521109052001,노선웅,정치,1779382953192,https://www.yna.co.kr/view/AKR20260521109052001,1779353670000,"""특단 조치 필요""…국힘 일각, 평택을·부산북갑 단일화 촉구(종합2보)"
AKR20260521163900504,민선희,정치,1779382953193,https://www.yna.co.kr/view/AKR20260521163900504,1779353662000,"조현 외교장관, UNDP 총재 접견…韓기업 UN 조달시장 참여 논의"
AKR20260521151100001,김정진,정치,1779382953194,https://www.yna.co.kr/view/AKR20260521151100001,1779353459000,"여야, 격전지 돌며 총력 선거전 돌입…내란심판·정권심판 격돌"
AKR20260521082551063,김준범,정치,1779382953195,https://www.yna.co.kr/view/AKR20260521082551063,1779353449000,박수현 '공주터미널'·김태흠 '현충사'…충남지사 선거전 돌입(종합)
AKR20260521153600504,김지헌,정치,1779382953196,https://www.yna.co.kr/view/AKR20260521153600504,1779353448000,"이스라엘 ""관계발전 바란다""며 韓국민 석방…국제적 비판 의식?"
AKR20260521041152001,김연정,정치,1779382953196,https://www.yna.co.kr/view/AKR20260521041152001,1779353046000,"鄭 ""철근누락 GTX 공사 일단 중지""…吳 ""조속 개통 염원 짓밟아""(종합2보)"
AKR20260521159600004,이미령,사회,1779382953197,https://www.yna.co.kr/view/AKR20260521159600004,1779352857000,"'선임 전' 선거사무장 범죄로도 당선무효…헌재, 합헌 결정"
AKR20260521160600054,박철홍,정치,1779382953198,https://www.yna.co.kr/view/AKR20260521160600054,1779352728000,"민주당 광주시당 ""尹지지 민주당 출신 인사 출마, 시민 기만"""
AKR20260521084951063,박주영,정치,1779382953199,https://www.yna.co.kr/view/AKR20260521084951063,1779352498000,"허태정 지원 정청래 ""볼 거 있것슈""…이장우 지원 장동혁 '큰절'(종합)"
AKR20260521157100001,설승은,정치,1779382953200,https://www.yna.co.kr/view/AKR20260521157100001,1779352347000,"李대통령, '중국인이 강남집 싹쓸이' 보도에 ""의도적 가짜뉴스"""
AKR20260521157200504,민선희,정치,1779382953201,https://www.yna.co.kr/view/AKR20260521157200504,1779352294000,"이스라엘 ""韓국민 탑승 가자선단은 인도적 성격 아냐"" 주장"
AKR20260521123351051,오수희,정치,1779382953202,https://www.yna.co.kr/view/AKR20260521123351051,1779352067000,"""보수 배신자"" vs ""부산 배신자""…박민식·한동훈 격돌(종합)"
AKR20260521158600052,김동민,사회,1779382953203,https://www.yna.co.kr/view/AKR20260521158600052,1779351951000,경남교육감 후보들 특권학교 신설 온도차…전교조 질의답변 공개
AKR20260521150700001,박재하,정치,1779382953204,https://www.yna.co.kr/view/AKR20260521150700001,1779351824000,"與, 유정복 '가상재산 신고 누락' 의혹 맹폭…""즉각 사퇴하라"""
AKR20260521157400530,오보람,사회,1779382953204,https://www.yna.co.kr/view/AKR20260521157400530,1779351693000,"서울교육감 역대최다 8파전 돌입…""해본 사람이""·""다시 세워야"""
AKR20260521065951056,변지철,정치,1779382953205,https://www.yna.co.kr/view/AKR20260521065951056,1779351614000,"""표심을 잡아라""…제주 지선·보선 공식 선거운동 막 올랐다(종합)"
AKR20260521150600001,오규진,정치,1779382953206,https://www.yna.co.kr/view/AKR20260521150600001,1779350865000,"與 ""오세훈 말바꾸기·변명""…'철근누락'에 은폐의혹 총공세"
AKR20260521149900504,민선희,정치,1779382953206,https://www.yna.co.kr/view/AKR20260521149900504,1779350721000,"외교부 ""통상문제, 안보협의에 악영향 안 돼…한미 공감대"""
AKR20260521153300052,박영민,사회,1779382953207,https://www.yna.co.kr/view/AKR20260521153300052,1779350645000,"경남시민단체, 후보 가린 '블라인드 토론회'…정책·공약 돋보여"
AKR20260521152600704,전석우,정치,1779382953208,https://www.yna.co.kr/view/AKR20260521152600704,1779350546000,[쇼츠] 레이저 무기에 자폭 드론까지…튀르키예 압도적 화력 '입이 떡!'
AKR20260521150000001,임형섭,정치,1779382953208,https://www.yna.co.kr/view/AKR20260521150000001,1779350489000,"이석연, 李대통령에 ""반대의견은 필수…집단사고 위험 벗어나야"""
AKR20260521152500051,이영재,정치,1779382953209,https://www.yna.co.kr/view/AKR20260521152500051,1779350280000,"선거운동 첫날 후끈 달아오른 부산…""해양수도"" vs ""세계도시"""
AKR20260521120451054,박철홍,정치,1779382953210,https://www.yna.co.kr/view/AKR20260521120451054,1779350126000,전남광주 지선·보선 공식선거운동 시작…후보들 일제히 출정(종합)
AKR20260521152800052,정종호,사회,1779382953211,https://www.yna.co.kr/view/AKR20260521152800052,1779350123000,"'허위사실 유포' 국힘 김혜란 창원시의원, 1심서 당선무효형"
AKR20260521086851001,이정현,정치,1779382953211,https://www.yna.co.kr/view/AKR20260521086851001,1779349980000,"張 충청·宋 부산…국힘, 선거운동 첫날 격전지 이원 공략(종합)"
AKR20260521148700061,최종호,사회,1779382953212,https://www.yna.co.kr/view/AKR20260521148700061,1779349870000,"경기교육감 공약 대결…""기초학력 증진"" vs ""AI 인재양성"""
AKR20260521145700052,박영민,사회,1779382953213,https://www.yna.co.kr/view/AKR20260521145700052,1779349854000,인구 2만4천명 의령…군수 선거 '기본소득·현금지원' 공약 화두
AKR20260521079551054,박철홍,정치,1779382953214,https://www.yna.co.kr/view/AKR20260521079551054,1779349710000,광산을 보선 후보들 첫날 공약경쟁…아동·노동·산업 정책 부각(종합)
AKR20260521151200504,김지헌,정치,1779382953215,https://www.yna.co.kr/view/AKR20260521151200504,1779349700000,"[속보] 이스라엘 ""가자선단은 인도적 성격 아냐…해상봉쇄는 합법"""
AKR20260521151400051,조정호,사회,1779382953215,https://www.yna.co.kr/view/AKR20260521151400051,1779349662000,부산교육감 선거도 스타트…김석준·정승윤·최윤홍 유세 돌입
AKR20260521056351053,한무선,정치,1779382953216,https://www.yna.co.kr/view/AKR20260521056351053,1779349647000,13일 승부 시작…대구시장 선거 '박빙 표심' 어디로(종합)
AKR20260521144600053,이승형,사회,1779382953218,https://www.yna.co.kr/view/AKR20260521144600053,1779349381000,경북지사 선거 본격화…오중기 '변화'·이철우 '원팀' 강조
AKR20260521083051001,서혜림,정치,1779382953219,https://www.yna.co.kr/view/AKR20260521083051001,1779349351000,"與, 선거운동 첫날 한강벨트·중원 공략…""'윤어게인' 몰아내야""(종합)"
AKR20260521135300051,김선호,정치,1779382953220,https://www.yna.co.kr/view/AKR20260521135300051,1779349289000,막오른 6·3 지방선거·보선…후보들 일제히 출정
AKR20260521146900054,정회성,북한,1779382953221,https://www.yna.co.kr/view/AKR20260521146900054,1779349175000,"탈북자 위장 남파 간첩, 출소 후 보안관찰 위반 재판행"
AKR20260521149000704,전석우,정치,1779382953222,https://www.yna.co.kr/view/AKR20260521149000704,1779349169000,"[영상] 자폭드론·방공포까지…튀르키예, 대규모 합동훈련서 화력 과시"
AKR20260521148600054,형민우,사회,1779382953223,https://www.yna.co.kr/view/AKR20260521148600054,1779349003000,"전남선거여론조사위, 경선 이중투표 유도 자원봉사자 고발"
AKR20260521134600061,최해민,정치,1779382953224,https://www.yna.co.kr/view/AKR20260521134600061,1779348953000,추미애 성남서현역·양향자 수원남문시장서 출정식…열전 돌입
AKR20260521146500504,김동현,정치,1779382953225,https://www.yna.co.kr/view/AKR20260521146500504,1779348793000,"정부 ""태평양 도서국의 지속가능 발전 위한 지원 지속"""
AKR20260521145300057,김용태,사회,1779382953226,https://www.yna.co.kr/view/AKR20260521145300057,1779348767000,울산교육감 선거 '3파전' 구광렬·김주홍·조용식 유세 돌입
AKR20260521143500001,설승은,정치,1779382953226,https://www.yna.co.kr/view/AKR20260521143500001,1779348720000,"강훈식, 내달초 캐나다行 검토…'60조 잠수함 수주' 총력전 포석"
AKR20260521144400003,김보경,산업,1779382953227,https://www.yna.co.kr/view/AKR20260521144400003,1779348516000,"진에어, 에어버스 기종 적응 위해 A320네오 시뮬레이터 도입"
AKR20260521042951052,이정훈,정치,1779382953228,https://www.yna.co.kr/view/AKR20260521042951052,1779348251000,경남 후보 712명 일제히 거리로…출정식 등 공식 선거운동 돌입(종합)
AKR20260521141700001,이상현,산업,1779382953229,https://www.yna.co.kr/view/AKR20260521141700001,1779348224000,"金총리 ""글로벌 AI허브, 실용적 연대의 출발…韓, 최전선서 함께"""
AKR20260521146400005,고미혜,정치,1779382953229,https://www.yna.co.kr/view/AKR20260521146400005,1779348211000,"[게시판] 관훈클럽·부산일보, 26일 여야 부산시장 후보 초청 토론회"
AKR20260521142000062,이상학,정치,1779382953230,https://www.yna.co.kr/view/AKR20260521142000062,1779348087000,[르포] 무주공산 화천군수 선거…접경지 경제·인구 해법 경쟁
AKR20260521109051001,노선웅,정치,1779382953231,https://www.yna.co.kr/view/AKR20260521109051001,1779347940000,"""특단 조치 필요""…국힘 일각, 평택을·부산북갑 단일화 촉구(종합)"
AKR20260521141900062,양지웅,정치,1779382953232,https://www.yna.co.kr/view/AKR20260521141900062,1779347377000,"신경호 강원교육감 후보 ""특정 종교단체 연루 의혹 완전 허위"""
AKR20260521129300053,윤관식,정치,1779382953233,https://www.yna.co.kr/view/AKR20260521129300053,1779347242000,"예상 깬 접전 대구달성군 보선…여야 후보, 민심 공략 총력"
AKR20260521096251001,고동욱,정치,1779382953233,https://www.yna.co.kr/view/AKR20260521096251001,1779347022000,"李대통령, 직속 자문기구들과 간담회…""허심탄회하게 의견 달라""(종합)"
AKR20260521121900055,김진방,정치,1779382953234,https://www.yna.co.kr/view/AKR20260521121900055,1779346835000,"군산시장 후보들, 출정식·거리 인사로 선거운동 '시작'"
AKR20260521137400001,황윤기,정치,1779382953234,https://www.yna.co.kr/view/AKR20260521137400001,1779346835000,"정부 ""상품권 사채 불법사금융 강력 대응…인터넷 카페 폐쇄"""
AKR20260521130900001,이정현,정치,1779382953235,https://www.yna.co.kr/view/AKR20260521130900001,1779346690000,"국민의힘 ""주폭·캉쿤·굿당""…정원오 때리기 총력전"
AKR20260521130000061,김광호,산업,1779382953236,https://www.yna.co.kr/view/AKR20260521130000061,1779346557000,"경기남부 '반도체 클러스터' 순항?…여야 후보들 ""강력 추진"""
AKR20260521136000051,차근호,정치,1779382953237,https://www.yna.co.kr/view/AKR20260521136000051,1779346418000,"전재수 선대위, 금양 상장폐지 사태에 박 후보 책임론 주장"
AKR20260521134900053,손대성,산업,1779382953238,https://www.yna.co.kr/view/AKR20260521134900053,1779346166000,"""부족한 농촌 일손 도와야죠""…해병 1사단, 포항서 대민지원"
AKR20260521130500054,박철홍,정치,1779382953239,https://www.yna.co.kr/view/AKR20260521130500054,1779345855000,"[르포] ""어차피 민주당""…첫 전남광주통합시장 선거전 민심은 '미지근'"
AKR20260521132500057,허광무,정치,1779382953239,https://www.yna.co.kr/view/AKR20260521132500057,1779345465000,"민주당·진보당, '울산시민주권정부 협약'…""시민이 시정 주체"""
AKR20260521132800065,강종구,사회,1779382953240,https://www.yna.co.kr/view/AKR20260521132800065,1779345368000,인천교육감 후보들 일제히 출정식…본격 선거전 돌입
AKR20260521047151063,양영석,정치,1779382953241,https://www.yna.co.kr/view/AKR20260521047151063,1779345081000,조상호 '0시 조치원역'·최민호 '충령탑 참배'…선거운동 스타트(종합)
AKR20260521127600055,백도인,정치,1779382953242,https://www.yna.co.kr/view/AKR20260521127600055,1779344766000,"군산·김제·부안을 보궐…""이재명과 함께"" vs ""민주당 심판"""
AKR20260521129100064,전창해,정치,1779382953242,https://www.yna.co.kr/view/AKR20260521129100064,1779344596000,"김영환·이범석 ""대형 문화쇼핑몰 조기완공"" 공동공약 발표"
AKR20260521127400052,이정훈,정치,1779382953243,https://www.yna.co.kr/view/AKR20260521127400052,1779344432000,"김경수·송순호, 기술·문화가 흐르는 '넥스트 창원' 공동 공약"
AKR20260521130300062,이재현,사회,1779382953244,https://www.yna.co.kr/view/AKR20260521130300062,1779344404000,'우상호 vs 김진태' 막오른 강원지사 선거…운명 건 13일의 열전
AKR20260521120400054,박철홍,정치,1779382953244,https://www.yna.co.kr/view/AKR20260521120400054,1779343767000,전남광주 지선·보선 공식선거운동 시작…후보들 일제히 출정
AKR20260521124700057,장지현,정치,1779382953245,https://www.yna.co.kr/view/AKR20260521124700057,1779343560000,"민주-진보, 울산 남구청장·울주군수 단일화 ""낡은 정치 교체"""
AKR20260521124200062,류호준,정치,1779382953247,https://www.yna.co.kr/view/AKR20260521124200062,1779343544000,속초시장 후보 공식 선거 운동 시작…첫날부터 의혹 공방 '격화'
AKR20260521123300051,오수희,정치,1779382953247,https://www.yna.co.kr/view/AKR20260521123300051,1779343237000,"""보수 배신자"" vs ""부산 배신자""…박민식·한동훈 격돌"
AKR20260521121800055,임채두,정치,1779382953248,https://www.yna.co.kr/view/AKR20260521121800055,1779343010000,"이원택 ""전북성장공사 설립…매출 1천억 스타기업 100개 육성"""
AKR20260521122400064,전창해,정치,1779382953249,https://www.yna.co.kr/view/AKR20260521122400064,1779342875000,막 오른 선거운동 레이스…충북 여야 출정식 열고 세몰이
AKR20260521118600057,허광무,정치,1779382953250,https://www.yna.co.kr/view/AKR20260521118600057,1779342841000,"""울산 도약, 우리가 적임자""…정당별 출정식서 지지 호소"
AKR20260521121200052,박정헌,정치,1779382953250,https://www.yna.co.kr/view/AKR20260521121200052,1779342823000,"구인모 거창군수 후보, 국힘 무공천 반발 '삭발 출정식'"
AKR20260521117000052,이준영,정치,1779382953251,https://www.yna.co.kr/view/AKR20260521117000052,1779342536000,"역대 격전지 김해시장 선거, 고소·고발 대신 정책 대결로 승부"
AKR20260521120300061,최해민,정치,1779382953252,https://www.yna.co.kr/view/AKR20260521120300061,1779342509000,"이준석 ""GTX-A 늦출 수 없어…'공사중단' 정원오는 정치 논리"""
AKR20260521120600055,김동철,정치,1779382953253,https://www.yna.co.kr/view/AKR20260521120600055,1779342031000,지방선거 투·개표장 활용…전주시 일부 체육시설 운영 중단
AKR20260521119800055,백도인,정치,1779382953254,https://www.yna.co.kr/view/AKR20260521119800055,1779341929000,"천호성·이남호 전북교육감 후보, '매수 의혹' 공방전"
AKR20260521116400001,임형섭,정치,1779382953254,https://www.yna.co.kr/view/AKR20260521116400001,1779341718000,"李대통령 ""국가폭력 희생자 모욕 행위, 모든수단 총동원해 응징"""
AKR20260521117800002,한지훈,경제,1779382953255,https://www.yna.co.kr/view/AKR20260521117800002,1779341663000,"[게시판] 신한은행, 국립서울현충원 봉사활동"
AKR20260521116800001,이상현,정치,1779382953256,https://www.yna.co.kr/view/AKR20260521116800001,1779341461000,"[게시판] GGGI-GCF, 기후협력 강화 공동 콘퍼런스"
AKR20260521114600001,이상현,정치,1779382953257,https://www.yna.co.kr/view/AKR20260521114600001,1779341432000,"[게시판] 인사처, 특정직 공무원 인사혁신 방안 논의"
AKR20260521067000504,김효정,산업,1779382953257,https://www.yna.co.kr/view/AKR20260521067000504,1779341402000,로봇·AI 軍적용 가능성 검토…국방부 '첨단기술 피치데이'
AKR20260521116600055,김동철,정치,1779382953258,https://www.yna.co.kr/view/AKR20260521116600055,1779341282000,"""신산업 성장"" vs ""기득권 타파""…전주시장 선거 첫날부터 격돌"
AKR20260521111200052,박영민,정치,1779382953259,https://www.yna.co.kr/view/AKR20260521111200052,1779340664000,"함안·합천군의회 의장, 국힘 잇따라 탈당…""공천 불공정"" 반발"
AKR20260521109000001,박수윤,정치,1779382953260,https://www.yna.co.kr/view/AKR20260521109000001,1779340365000,"박덕흠 ""평택을, 황교안과 단일화시 승리 가능…잘 추진해봐야"""
AKR20260521112900001,임형섭,정치,1779382953262,https://www.yna.co.kr/view/AKR20260521112900001,1779340097000,"[속보] 李대통령 ""5·18 北 개입설 등 가짜뉴스, 모든수단 총동원 응징"""
AKR20260521112400001,임형섭,정치,1779382953263,https://www.yna.co.kr/view/AKR20260521112400001,1779339963000,"[속보] 李대통령 ""국가폭력범죄 공소시효 소멸 입법 조속히 매듭"""
AKR20260521104100371,성도현,정치,1779382953265,https://www.yna.co.kr/view/AKR20260521104100371,1779339090000,"""드라마 자막 한줄이 국가 이미지""…반크, 글로벌 OTT 정책 제안"
AKR20260521107900063,박주영,정치,1779382953266,https://www.yna.co.kr/view/AKR20260521107900063,1779339032000,안 다니는 교회에 헌금 내고 명함 뿌린 구청장 후보 고발
AKR20260521105500051,박성제,정치,1779382953267,https://www.yna.co.kr/view/AKR20260521105500051,1779338969000,"하정우·박민식·한동훈, 공식 선거운동 첫날 복지관에서 조우"
AKR20260521155200504,이은정,북한,1779382953273,https://www.yna.co.kr/view/AKR20260521155200504,1779353276000,[북한단신] 러시아 방문하는 황해남도 대표단 출발
AKR20260521151900504,이은정,북한,1779382953274,https://www.yna.co.kr/view/AKR20260521151900504,1779353227000,"北억류 선교사 가족 ""집으로 돌아올 수 있도록""…석방 촉구"
AKR20260521145100504,이은정,북한,1779382953276,https://www.yna.co.kr/view/AKR20260521145100504,1779348354000,"北 ""무분별한 한미 무력증강에 대칭적 조치 실행 강구"" 위협"
AKR20260521135200083,정성조,북한,1779382953277,https://www.yna.co.kr/view/AKR20260521135200083,1779346162000,"中대사, 평양 협동농장서 모내기…""중·북 우호 중요한 상징"""
AKR20260521014951504,하채림,북한,1779382953278,https://www.yna.co.kr/view/AKR20260521014951504,1779330928000,"北, '내고향'팀 승전보 전해…""한국 수원팀 이기고 결승진출""(종합)"
AKR20260521084000007,안홍석,북한,1779382953279,https://www.yna.co.kr/view/AKR20260521084000007,1779330137000,내고향 vs 도쿄…아시아 여자축구 챔피언 자리 놓고 23일 격돌
AKR20260521059900504,하채림,북한,1779382953280,https://www.yna.co.kr/view/AKR20260521059900504,1779327043000,"정동영, 시진핑 방북설에 ""성사되면 북미회담 당연히 논의될 것"""
AKR20260521017700001,임형섭,북한,1779382953281,https://www.yna.co.kr/view/AKR20260521017700001,1779315192000,"靑, 시진핑 방북 가능성에 ""동향 주시…中 건설적 역할 기대"""
AKR20260521016400504,전명훈,북한,1779382953282,https://www.yna.co.kr/view/AKR20260521016400504,1779314232000,[북한날씨] 전 지역에 비…함경도 일부 최대 80㎜
AKR20260521014900504,전명훈,북한,1779382953283,https://www.yna.co.kr/view/AKR20260521014900504,1779313559000,"北, '내고향'팀 승전보 전해…""한국 수원팀 이기고 결승진출"""
AKR20260520195100504,하채림,북한,1779382953283,https://www.yna.co.kr/view/AKR20260520195100504,1779288700000,"96세 비전향장기수도, 탈북가족도 비바람 속 내고향·수원 연호"
AKR20260520186251007,오명언,북한,1779382953284,https://www.yna.co.kr/view/AKR20260520186251007,1779278834000,"'PK 실축' 수원FC, 북한 내고향에 1-2 역전패…AWCL 결승행 불발(종합)"
AKR20260520186200007,오명언,북한,1779382953284,https://www.yna.co.kr/view/AKR20260520186200007,1779278234000,"'PK 실축' 수원FC, 북한 내고향에 1-2 역전패…AWCL 결승행 불발"
AKR20260520162800504,이은정,북한,1779382953285,https://www.yna.co.kr/view/AKR20260520162800504,1779264195000,[북한단신] 단천발전소 1단계 준공식
AKR20260520144851504,이은정,북한,1779382953285,https://www.yna.co.kr/view/AKR20260520144851504,1779264075000,"통일장관 ""평화적 두 국가론, '北두국가론'과 본질적으로 달라""(종합)"
AKR20260520144800504,이은정,북한,1779382953286,https://www.yna.co.kr/view/AKR20260520144800504,1779260293000,"통일장관 ""평화적 두 국가론, '北두국가론'과 본질적으로 달라"""
AKR20260520100200504,하채림,북한,1779382953286,https://www.yna.co.kr/view/AKR20260520100200504,1779252418000,"정동영 ""北축구단 방남, 좋은 선례 남기는 게 목표"""
AKR20260520033851009,김효정,북한,1779382953287,https://www.yna.co.kr/view/AKR20260520033851009,1779239158000,"""北, 최근 서해 위성발사장서 로켓엔진 연소시험 진행한 듯""(종합)"
AKR20260520033800009,오수진,북한,1779382953288,https://www.yna.co.kr/view/AKR20260520033800009,1779236394000,"""北, 최근 서해 위성발사장서 로켓엔진 연소시험 진행한 듯"""
AKR20260520039400009,고일환,북한,1779382953289,https://www.yna.co.kr/view/AKR20260520039400009,1779236240000,"북중 4월 교역량, 8년여만에 최고…""러시아발 전쟁자금 덕분"""
AKR20260520017400504,권수현,북한,1779382953289,https://www.yna.co.kr/view/AKR20260520017400504,1779229343000,[북한날씨] 전 지역 대체로 흐림…황해도 등 곳에 따라 비
AKR20260520016800504,권수현,북한,1779382953290,https://www.yna.co.kr/view/AKR20260520016800504,1779229005000,U-17 아시안컵 우승 北여자축구 대표팀 귀국…평양서 카퍼레이드
AKR20260519151500002,한지훈,북한,1779382953291,https://www.yna.co.kr/view/AKR20260519151500002,1779226410000,"평양선 1달러에 7만100원, 올들어 80% 뛰어…""통화량 증가 때문"""
AKR20260520007000071,조준형,북한,1779382953291,https://www.yna.co.kr/view/AKR20260520007000071,1779221304000,"美전문가 ""트럼프, 한반도 골칫거리없는 안정 중시""…""시급성無"""
AKR20260519165751108,김동호,북한,1779382953292,https://www.yna.co.kr/view/AKR20260519165751108,1779185692000,"러 외무부 ""올해 북한 최선희 외무상 방문 기대"""
AKR20260519165700108,김동호,북한,1779382953292,https://www.yna.co.kr/view/AKR20260519165700108,1779184563000,"[속보] 러 외무부 ""올해 북한 외무상 방문 기대""<러 매체>"
AKR20260519155300504,권수현,북한,1779382953293,https://www.yna.co.kr/view/AKR20260519155300504,1779180320000,"[북한단신] 박태성 총리, 불가리아 신임 총리에게 축전"
AKR20260519153100504,하채림,북한,1779382953294,https://www.yna.co.kr/view/AKR20260519153100504,1779178989000,"""함께 그리는 평화""…제14회 평화통일교육주간 25일 개막"
AKR20260519088651504,하채림,북한,1779382953294,https://www.yna.co.kr/view/AKR20260519088651504,1779178845000,"통일부 ""'평화적 2국가론'은 李정부 평화공존정책 이행전략""(종합)"
AKR20260519150800007,배진남,북한,1779382953295,https://www.yna.co.kr/view/AKR20260519150800007,1779177889000,"나이키·아디다스 신은 내고향축구단, 밝은 표정으로 훈련 공개"
AKR20260519040851001,오규진,북한,1779382953296,https://www.yna.co.kr/view/AKR20260519040851001,1779172779000,"국힘 ""李정부 통일백서 두 국가론은 위헌""…與 ""무지·억지""(종합)"
AKR20260519091100007,배진남,북한,1779382953296,https://www.yna.co.kr/view/AKR20260519091100007,1779160854000,"북한 내고향 감독 ""경기에만 집중…공동응원 상관할 문제 아냐"""
AKR20260519088600504,하채림,북한,1779382953297,https://www.yna.co.kr/view/AKR20260519088600504,1779159875000,"통일부 ""'평화적 2국가', 정부전체 입장 아냐…통일부 구상"""
AKR20260519064600009,현영복,북한,1779382953297,https://www.yna.co.kr/view/AKR20260519064600009,1779154516000,"北, 러시아 드론 기술에 눈독…러 훈련시설에 대표단 방문"
AKR20260519057200005,이태수,북한,1779382953298,https://www.yna.co.kr/view/AKR20260519057200005,1779154253000,"태진아 ""내 노래처럼 남북이 케이블카로 오가는 날 오길"""
AKR20260519062300062,류호준,북한,1779382953298,https://www.yna.co.kr/view/AKR20260519062300062,1779153570000,[강원 고성소식] 납북 귀환 어부 전시 호응…특별법 관심 이어져
AKR20260519040800001,박수윤,북한,1779382953299,https://www.yna.co.kr/view/AKR20260519040800001,1779152100000,"국힘, 통일백서 '두 국가론'에 ""명백한 위헌…정동영 경질해야"""
AKR20260519014500504,전명훈,북한,1779382953299,https://www.yna.co.kr/view/AKR20260519014500504,1779141006000,[북한날씨] 함경도 5㎜ 안팎 빗방울…황해남도엔 '가뭄경보'
AKR20260518146000504,김철선,북한,1779382953300,https://www.yna.co.kr/view/AKR20260518146000504,1779138062000,"작년 MDL 17번 침범한 北, 올해는 잠잠…불모지 작업 마친 듯"
AKR20260518149700061,김솔,북한,1779382953301,https://www.yna.co.kr/view/AKR20260518149700061,1779095834000,"북한 여자축구 내고향팀, 방한 이틀째 수원서 훈련 이어가"
AKR20260518147300504,하채림,북한,1779382953301,https://www.yna.co.kr/view/AKR20260518147300504,1779094567000,"남북 축구팀 공동응원단장 ""관계개선돼야 스포츠 脫정치 가능"""
AKR20260518144500504,권수현,북한,1779382953302,https://www.yna.co.kr/view/AKR20260518144500504,1779093388000,"[북한단신] 평양시, 녹지조성·강하천 정비 등 국토관리사업 진행"
AKR20260518136900083,정성조,북한,1779382953303,https://www.yna.co.kr/view/AKR20260518136900083,1779091346000,"'미중정상 北비핵화 목표 언급' 美발표에…中 ""정책연속성 유지"""
AKR20260518124200504,전명훈,북한,1779382953304,https://www.yna.co.kr/view/AKR20260518124200504,1779089262000,"논란의 '평화적 두 국가론', 대북정책 집약 '통일백서'에 등장"
AKR20260518116900504,김지헌,북한,1779382953304,https://www.yna.co.kr/view/AKR20260518116900504,1779086092000,한미정상 통화 이어 외교차관 방미…한반도 현안 논의 주목
AKR20260518040651504,하채림,북한,1779382953305,https://www.yna.co.kr/view/AKR20260518040651504,1779081606000,"李정부 첫 통일백서 ""통일지향 평화적 두 국가관계로 전환필요""(종합)"
AKR20260518073000073,조성미,북한,1779382953306,https://www.yna.co.kr/view/AKR20260518073000073,1779071393000,"日매체 ""북한군, 군사분계선 인근서 전술도로 확장"""
AKR20260518066700007,배진남,북한,1779382953307,https://www.yna.co.kr/view/AKR20260518066700007,1779070240000,"지소연 가세 수원FC, 내고향에 설욕할까…AWCL 결승 길목서 격돌"
AKR20260518067800064,전창해,북한,1779382953307,https://www.yna.co.kr/view/AKR20260518067800064,1779070057000,충북도 남북교류협력기금 조례 개정 추진…활용범위 확대
AKR20260518040600504,하채림,북한,1779382953308,https://www.yna.co.kr/view/AKR20260518040600504,1779069604000,'北변화 유도' 대신 '평화공존'으로…李정부 첫 통일백서
AKR20260518004552504,전명훈,북한,1779382953309,https://www.yna.co.kr/view/AKR20260518004552504,1779069355000,"北김정은, 전군 지휘관 불러 ""전방부대 강화·남부국경 요새화""(종합)"
AKR20260518007400504,전명훈,북한,1779382953309,https://www.yna.co.kr/view/AKR20260518007400504,1779054878000,"[북한날씨] 평양도 더운 날…""낮 최고기온 29도"""
AKR20260518004551504,전명훈,북한,1779382953310,https://www.yna.co.kr/view/AKR20260518004551504,1779054626000,"北김정은, 전군 지휘관들 소집…""남부국경 최전선부대 강화"""
AKR20260518004500504,전명훈,북한,1779382953310,https://www.yna.co.kr/view/AKR20260518004500504,1779052222000,"[속보] 김정은 전군 사·여단장 회의…""남부국경 최전선부대 강화"""
AKR20260517063000001,임형섭,북한,1779382953311,https://www.yna.co.kr/view/AKR20260517063000001,1779027306000,"[속보] 李대통령 ""미중정상, 한반도 문제에 건설적 협의 가져"" 평가"
AKR20260517044651061,이영주,북한,1779382953311,https://www.yna.co.kr/view/AKR20260517044651061,1779009978000,"'12년 만의 방한' 북한 여자축구 내고향팀, 수원 도착후 첫 훈련(종합)"
AKR20260517050900504,전명훈,북한,1779382953312,https://www.yna.co.kr/view/AKR20260517050900504,1779009192000,"[북한단신] 베트남 주석 특사단, 방북 마치고 귀국"
AKR20260517049300504,전명훈,북한,1779382953313,https://www.yna.co.kr/view/AKR20260517049300504,1779007133000,"INSS ""미중 정상회담 계기로 한반도 문제서 中 역할 증대"""
AKR20260517039151007,전명훈,북한,1779382953313,https://www.yna.co.kr/view/AKR20260517039151007,1779005275000,북한 내고향 입국…안 웃고 앞만 보며 1분여만에 공항 빠져나가(종합2보)
AKR20260517044600061,이영주,북한,1779382953314,https://www.yna.co.kr/view/AKR20260517044600061,1779004514000,북한 내고향 축구단 수원 숙소 도착…곧장 첫 훈련 돌입
AKR20260517039100007,안홍석,북한,1779382953314,https://www.yna.co.kr/view/AKR20260517039100007,1778999665000,北 내고향팀 입국…안 웃고 앞만 보며 1분여만에 공항 빠져나가(종합)
AKR20260517024900007,안홍석,북한,1779382953315,https://www.yna.co.kr/view/AKR20260517024900007,1778995295000,내고향여자축구단 입국…북한 선수단으로 8년 만의 방한
AKR20260517030100504,전명훈,북한,1779382953316,https://www.yna.co.kr/view/AKR20260517030100504,1778991520000,'내고향' 방남 외면하는 北매체들…두달전 '4강 진출' 보도뿐
AKR20260516053500504,권수현,북한,1779382953317,https://www.yna.co.kr/view/AKR20260516053500504,1778968809000,"관광업 공들이는 北, 백두산 관광지구 생태환경보호법 제정"
AKR20260517005300504,전명훈,북한,1779382953317,https://www.yna.co.kr/view/AKR20260517005300504,1778968685000,[북한날씨] 대체로 맑다가 밤부터 구름
AKR20260516049800504,하채림,북한,1779382953318,https://www.yna.co.kr/view/AKR20260516049800504,1778965022000,"""北축구단 방남, 국제·다자무대 남북협력 가능성 신호"""
AKR20260516047000504,권수현,북한,1779382953319,https://www.yna.co.kr/view/AKR20260516047000504,1778919537000,"[북한단신] 박태성 총리, 탄광·발전소 등 경제 부문 시찰"
AKR20260516043400083,정성조,북한,1779382953319,https://www.yna.co.kr/view/AKR20260516043400083,1778916179000,"주북 中대사 ""북중 경제교류 강화""…중국군 묘소도 참배"
AKR20260516011500504,권수현,북한,1779382953320,https://www.yna.co.kr/view/AKR20260516011500504,1778883242000,[북한날씨] 전 지역 대체로 맑음
AKR20260516010700504,권수현,북한,1779382953321,https://www.yna.co.kr/view/AKR20260516010700504,1778882847000,"北조용원, 베트남 외교장관과 회동…""친선적 분위기 속 담화"""
AKR20260515067000071,조준형,북한,1779382953321,https://www.yna.co.kr/view/AKR20260515067000071,1778850812000,[미중정상회담] 트럼프-김정은 '번개회동' 결국 불발…물밑 소통 되살릴까
AKR20260515173000504,김철선,북한,1779382953322,https://www.yna.co.kr/view/AKR20260515173000504,1778840634000,탈북 국군포로 별세…국내 생존자 5명으로 줄어
AKR20260515149800504,전명훈,북한,1779382953323,https://www.yna.co.kr/view/AKR20260515149800504,1778832556000,"[북한단신] 북, U-17 여자 아시안컵서 중국 꺾고 결승행"
AKR20260515120800009,이신영,북한,1779382953323,https://www.yna.co.kr/view/AKR20260515120800009,1778826096000,"""북한, 금강산 이산가족면회소·개성 남북연락사무소 철거완료"""
AKR20260515105800504,권수현,북한,1779382953324,https://www.yna.co.kr/view/AKR20260515105800504,1778823340000,"북한, 영국의 송도원 야영소 제재에 ""극악한 정치적 도발행위"""
AKR20260515075100009,임화섭,북한,1779382953324,https://www.yna.co.kr/view/AKR20260515075100009,1778811558000,"러시아→북한 방문객, 올해 1분기에 2년간 최저치"
AKR20260515020600504,권수현,북한,1779382953325,https://www.yna.co.kr/view/AKR20260515020600504,1778800188000,평양서 北노동당 9차 대회·베트남공산당 14차 대회 축하 행사
AKR20260515013800504,권수현,북한,1779382953326,https://www.yna.co.kr/view/AKR20260515013800504,1778796973000,"[북한날씨] 전 지역 대체로 맑음…""황해도 가뭄주의 경보"""
AKR20260515011700504,권수현,북한,1779382953326,https://www.yna.co.kr/view/AKR20260515011700504,1778796298000,"김정은, 직맹대회 참가자와 사진…""5개년 목표 점령 견인"""
AKR20260521094900017,박형빈,산업,1779382953327,https://www.yna.co.kr/view/AKR20260521094900017,1779375600000,"[AI픽] HP, 국내 AI 스타트업과 공동개발…'개러지 2.0' 출범"
AKR20260521171100017,오지은,산업,1779382953328,https://www.yna.co.kr/view/AKR20260521171100017,1779359822000,"토스플레이스, 오프라인 결제단말기 특허 무효심판 승소"
AKR20260521170200530,양정우,사회,1779382953328,https://www.yna.co.kr/view/AKR20260521170200530,1779358554000,"행안부, 스타벅스 불매 선언…관가 전반 확산하나"
AKR20260521169400003,신창용,산업,1779382953329,https://www.yna.co.kr/view/AKR20260521169400003,1779357600000,"석유 최고가격, 4회 연속 동결…조정 주기 '2주→4주'로 늘린다"
AKR20260521056451030,홍국기,산업,1779382953330,https://www.yna.co.kr/view/AKR20260521056451030,1779355704000,"쿠팡이츠, 일반회원도 8월까지 '무료 배달'…민주당 ""기만 상술""(종합)"
AKR20260521165400008,증권부,경제,1779382953330,https://www.yna.co.kr/view/AKR20260521165400008,1779354212000,"다이나믹디자인 ""인도네시아 자회사 주식 30억원에 추가취득"""
AKR20260521157900008,황철환,경제,1779382953331,https://www.yna.co.kr/view/AKR20260521157900008,1779354192000,"상장 앞둔 스페이스X, 투자설명서 살펴보니…""달에 도시 짓겠다"""
AKR20260521159000011,김슬기,사회,1779382953331,https://www.yna.co.kr/view/AKR20260521159000011,1779354001000,[연합뉴스 이 시각 헤드라인] - 18:00
AKR20260521116000530,한혜원,사회,1779382953332,https://www.yna.co.kr/view/AKR20260521116000530,1779353400000,"노동장관, ILO 사무총장 면담…""AI 전환모델 국제사회 제시"""
AKR20260521162000002,이대희,경제,1779382953334,https://www.yna.co.kr/view/AKR20260521162000002,1779353295000,"성과급 6억·연봉 1억 삼전 직원, 근소세 2억5천만원 낸다"
AKR20260521161800061,최찬흥,경제,1779382953335,https://www.yna.co.kr/view/AKR20260521161800061,1779352764000,"""경기도 독립야구단 후원하세요""…한정판 유니폼 제공"
AKR20260521152000062,이상학,경제,1779382953336,https://www.yna.co.kr/view/AKR20260521152000062,1779351983000,화천산천어축제 경제효과 1천억원 돌파…관광객 소비 확대
AKR20260521150451008,김태종,경제,1779382953336,https://www.yna.co.kr/view/AKR20260521150451008,1779351437000,'종전 기대' 3년·10년물 국고채 금리↓…낙폭은 축소(종합)
AKR20260521157300530,한혜원,사회,1779382953337,https://www.yna.co.kr/view/AKR20260521157300530,1779351328000,"노동장관 ""삼성전자 노사, 한발씩 양보…엔지니어 욕하면 안 돼"""
AKR20260521155800008,증권부,경제,1779382953337,https://www.yna.co.kr/view/AKR20260521155800008,1779351145000,"경남제약, 190억원 주주배정 유상증자 결정"
AKR20260521155300003,신창용,산업,1779382953338,https://www.yna.co.kr/view/AKR20260521155300003,1779351120000,"산업장관, 키르기즈 경제부 장관과 경제협력 확대 논의"
AKR20260521155000003,오진송,산업,1779382953338,https://www.yna.co.kr/view/AKR20260521155000003,1779351056000,"국토차관 ""다핵 네트워크 국토 전환…투기억제·시장 체질 개선"""
AKR20260521142851008,김유아,경제,1779382953339,https://www.yna.co.kr/view/AKR20260521142851008,1779350455000,"코스피, 8% 급등하며 7,800 회복…외인, 순매도 크게 축소했다(종합2보)"
AKR20260521123100003,장보인,산업,1779382953339,https://www.yna.co.kr/view/AKR20260521123100003,1779350402000,"무역위, 유럽 PVC 페이스트 수지에 최대 31.55％ 반덤핑관세"
AKR20260521143700030,김세린,산업,1779382953340,https://www.yna.co.kr/view/AKR20260521143700030,1779350401000,"[동정] 송미령 장관, 도농상생장터 통한 농산물 소비 촉진 방안 논의"
AKR20260521152200064,김형우,산업,1779382953341,https://www.yna.co.kr/view/AKR20260521152200064,1779349998000,"[충북소식] 충북농협, 청주 고추 농가서 일손 돕기"
AKR20260521150500371,정아란,사회,1779382953341,https://www.yna.co.kr/view/AKR20260521150500371,1779349993000,"초록우산-IBK기업은행, 이주배경아동 150명 학습·진로 지원"
AKR20260521149800371,이세영,사회,1779382953341,https://www.yna.co.kr/view/AKR20260521149800371,1779349901000,[K-VIBE] 전태수의 웹 3.0 이야기…참여로 여는 디지털 기본 소득의 시대
AKR20260521151700002,강류나,산업,1779382953342,https://www.yna.co.kr/view/AKR20260521151700002,1779349560000,한국산업은행 'KDB V:Launch 2026 남부권펀드 세션' 개최
AKR20260521148800054,박철홍,산업,1779382953343,https://www.yna.co.kr/view/AKR20260521148800054,1779349339000,"광주시 ""2030년 세계 100대 창업 도시 도약"" 비전 발표"
AKR20260521150400008,증권부,경제,1779382953344,https://www.yna.co.kr/view/AKR20260521150400008,1779349336000,국고채 금리 대체로 하락…3년물 연 3.753%
AKR20260521147400055,최영수,산업,1779382953344,https://www.yna.co.kr/view/AKR20260521147400055,1779348786000,"완주군, 로컬푸드 소비자 감시단 운영…""품질·안전 검증"""
AKR20260521046451008,김유향,경제,1779382953345,https://www.yna.co.kr/view/AKR20260521046451008,1779348746000,[특징주] '할인율 축소' 지주사株 강세 마감…일부 종목 두자릿수 급등(종합)
AKR20260521142800008,김유아,경제,1779382953345,https://www.yna.co.kr/view/AKR20260521142800008,1779348513000,"코스피, 8% 급등하며 7,800 회복…외인, 순매도 크게 축소했다(종합)"
AKR20260521139300002,강수련,경제,1779382953346,https://www.yna.co.kr/view/AKR20260521139300002,1779348196000,국민참여성장펀드 손실 후순위 먼저 부담…국민투자금 20% 한도
AKR20260521143900054,형민우,사회,1779382953347,https://www.yna.co.kr/view/AKR20260521143900054,1779348155000,"광주 관가·금융권, 스타벅스 불매운동 빠르게 '확산'(종합)"
AKR20260521039052008,이민영,경제,1779382953347,https://www.yna.co.kr/view/AKR20260521039052008,1779347480000,삼전 8%대↑ 역대 최고가…주가 어디까지? 목표가 59만원도(종합2보)
AKR20260521140000008,김유향,경제,1779382953348,https://www.yna.co.kr/view/AKR20260521140000008,1779347381000,"'팔자'로 돌아선 개미, 외인은 순매도 축소…수급 공수 바뀔까"
AKR20260521127351030,한주홍,산업,1779382953348,https://www.yna.co.kr/view/AKR20260521127351030,1779347160000,"농협, '중앙회장 직선제' 수용…감사위 신설에 ""중복규제"" 반대(종합)"
AKR20260521072651008,황철환,경제,1779382953349,https://www.yna.co.kr/view/AKR20260521072651008,1779347074000,"'7,800선 회복' 코스피 다시 달렸다…'8천피' 재탈환하나(종합)"
AKR20260521070100530,한혜원,사회,1779382953350,https://www.yna.co.kr/view/AKR20260521070100530,1779346801000,"[게시판] 안전보건공단-한전MCS, 안전보건 교육 강화 업무협약"
AKR20260521071300055,김동철,사회,1779382953351,https://www.yna.co.kr/view/AKR20260521071300055,1779346800000,"전주시-30개 기업, 여성친화 일촌기업 협약…""일·가정 양립"""
AKR20260521136400002,김수현,경제,1779382953351,https://www.yna.co.kr/view/AKR20260521136400002,1779346594000,"환율, 미·이란 종전 기대에 소폭 하락…1,506.1원"
AKR20260521131400003,임기창,경제,1779382953352,https://www.yna.co.kr/view/AKR20260521131400003,1779346485000,"롯데건설, 성수4지구 재개발 입찰보증금 500억원 선납"
AKR20260521134000002,경제부,경제,1779382953353,https://www.yna.co.kr/view/AKR20260521134000002,1779345966000,외국환시세(5월21일·마감가)
AKR20260521040551008,임은진,경제,1779382953353,https://www.yna.co.kr/view/AKR20260521040551008,1779345567000,"[특징주] 건설株, 트럼프 ""이란 협상 최종 단계"" 발언에 강세(종합)"
AKR20260521135000030,홍국기,산업,1779382953354,https://www.yna.co.kr/view/AKR20260521135000030,1779345546000,"[게시판] 페르노리카, 28일 '발렌타인 17년 말본 에디션' 출시 행사"
AKR20260521134500008,김유아,경제,1779382953354,https://www.yna.co.kr/view/AKR20260521134500008,1779345495000,"코스피, 8% 넘게 급등하며 7,815선 마감…코스닥도 4.7%↑"
AKR20260521133800008,황철환,경제,1779382953355,https://www.yna.co.kr/view/AKR20260521133800008,1779345233000,"[속보] 코스피 8.42% 급등 마감…단숨에 7,800선 회복"
AKR20260521132100530,홍준석,사회,1779382953356,https://www.yna.co.kr/view/AKR20260521132100530,1779345195000,"소방청, 우즈벡 비상사태부와 '소방·재난관리 협력' 업무협약"
AKR20260521132600065,최은지,사회,1779382953356,https://www.yna.co.kr/view/AKR20260521132600065,1779345148000,"21만원 빌려주고 30만원 상품권 요구 사채업자, 불법추심 무혐의"
AKR20260521133200002,경제부,경제,1779382953357,https://www.yna.co.kr/view/AKR20260521133200002,1779345039000,"[외환] 원/달러 환율 0.7원 내린 1,506.1원(15:30 종가)"
AKR20260521129600530,옥성구,경제,1779382953358,https://www.yna.co.kr/view/AKR20260521129600530,1779344589000,중동전쟁에 플라스틱·섬유업계 고용위기 우려…정부 지원 총력
AKR20260521128800004,황재하,경제,1779382953358,https://www.yna.co.kr/view/AKR20260521128800004,1779343983000,"서울교통공사, 하반기 지하철 안전도우미 150명 모집"
AKR20260521126900002,안채원,경제,1779382953359,https://www.yna.co.kr/view/AKR20260521126900002,1779343808000,"재경부, IDB와 연례협의…""韓기업 중남미 진출 적극 지원"""
AKR20260521127300030,한주홍,산업,1779382953360,https://www.yna.co.kr/view/AKR20260521127300030,1779343727000,"농협, 조합원 직선제 전격 수용…감사위 설치는 사실상 거부"
AKR20260521098600002,배영경,산업,1779382953361,https://www.yna.co.kr/view/AKR20260521098600002,1779343201000,"이억원 ""호르무즈 선박 10척, 공동인수로 최저요율 보험 제공"""
AKR20260521120800002,박수현,경제,1779382953361,https://www.yna.co.kr/view/AKR20260521120800002,1779343087000,FIU 제재 후 해고 가상자산 거래소 전 임원 숨진 채 발견
AKR20260521122300053,이강일,산업,1779382953362,https://www.yna.co.kr/view/AKR20260521122300053,1779343045000,"수도권 벤처 쏠림 깬다…대구, 187억 확보해 창업도시 도전"
AKR20260521114451030,장보인,산업,1779382953363,https://www.yna.co.kr/view/AKR20260521114451030,1779342900000,"중진공-무보, 글로벌쇼핑 플랫폼 보험 출시…최대 3만달러 보상(종합)"
AKR20260521122700017,신선미,산업,1779382953364,https://www.yna.co.kr/view/AKR20260521122700017,1779342650000,식약처 특별성과 포상…화재 대응·K푸드 지원 등 선정
AKR20260521116700008,이민영,경제,1779382953365,https://www.yna.co.kr/view/AKR20260521116700008,1779342093000,'포모'에 매수 나섰나…삼성전자 '빚투' 사상 첫 4조원 돌파
AKR20260521115000054,박철홍,산업,1779382953365,https://www.yna.co.kr/view/AKR20260521115000054,1779342015000,"광주시, 주관행사에 스타벅스 상품권 사용 금지"
AKR20260521112800002,송정은,경제,1779382953367,https://www.yna.co.kr/view/AKR20260521112800002,1779341642000,"GGGI-GCF 첫 공동 콘퍼런스…""기후위기 대응으로 성장동력 창출"""
AKR20260521114400030,이상서,산업,1779382953367,https://www.yna.co.kr/view/AKR20260521114400030,1779341223000,"중진공-무보, 글로벌쇼핑 플랫폼 보험 출시…최대 3만달러 보상"
AKR20260521113700054,조근영,경제,1779382953368,https://www.yna.co.kr/view/AKR20260521113700054,1779340961000,"농협은행 ""전남광주통합시 동반자 되겠다""…지역 상생 강조"
AKR20260521102800002,김지연,경제,1779382953368,https://www.yna.co.kr/view/AKR20260521102800002,1779340679000,"[일문일답] 이억원 ""망분리규제, 보안목적 AI활용시 내달부터 한시완화"""
AKR20260521109700017,신선미,산업,1779382953369,https://www.yna.co.kr/view/AKR20260521109700017,1779340555000,파브리병 환자 새 치료 길 열렸다…'엘파브리오주' 허가
AKR20260521104000002,강류나,경제,1779382953369,https://www.yna.co.kr/view/AKR20260521104000002,1779340443000,"[게시판] 금융결제원, 업비트에 사업자용 금융인증서 적용"
AKR20260521098900002,강류나,경제,1779382953370,https://www.yna.co.kr/view/AKR20260521098900002,1779340406000,"[게시판] 캠코-대구회생법원, 파산재단 자산 매각 업무협약"
AKR20260521070500002,김수현,경제,1779382953370,https://www.yna.co.kr/view/AKR20260521070500002,1779339619000,"[게시판] 경제교육단체협의회, 상반기 워크숍 개최"
AKR20260521069800030,이상서,산업,1779382953371,https://www.yna.co.kr/view/AKR20260521069800030,1779339618000,"중기부, 지자체와 창업도시 전략 발표…""세계 100위권 5곳 창출"""
AKR20260521088600003,임기창,경제,1779382953371,https://www.yna.co.kr/view/AKR20260521088600003,1779339606000,서울 아파트 매매·전세가격 상승폭 3주째 동반 확대
AKR20260521094400003,장보인,산업,1779382953372,https://www.yna.co.kr/view/AKR20260521094400003,1779339605000,"코트라, 7대 전략산업 동남아대양주 진출 지원 강화"
AKR20260521097800002,배영경,경제,1779382953372,https://www.yna.co.kr/view/AKR20260521097800002,1779339603000,"이억원 ""금융사 '포용금융 최고책임자' 지정 추진…내재화 필요"""
AKR20260521101600002,강수련,경제,1779382953373,https://www.yna.co.kr/view/AKR20260521101600002,1779339601000,역서학개미 '러브콜'에…외국인통합계좌서 ETF·ETN 거래 허용
AKR20260521074400030,이상서,산업,1779382953373,https://www.yna.co.kr/view/AKR20260521074400030,1779337802000,"[동정] 노용석 중기차관, 포장재 기업 새롬 찾아 지원 방안 논의"
AKR20260521049300003,임성호,산업,1779382953374,https://www.yna.co.kr/view/AKR20260521049300003,1779336000000,"암참, 멀베이니 전 백악관 비서실장대행 간담회…한미 경협 논의"
AKR20260521092700051,김선호,경제,1779382953374,https://www.yna.co.kr/view/AKR20260521092700051,1779332989000,"부산시 ""금양 상폐 책임 통감하지만, 특정 기업띄우기는 아냐"""
AKR20260521094700008,고은지,경제,1779382953374,https://www.yna.co.kr/view/AKR20260521094700008,1779332762000,"노무라, 코스피 11,000으로 상향…'59만전자·400만닉스' 전망"
AKR20260521092300008,김유향,경제,1779382953375,https://www.yna.co.kr/view/AKR20260521092300008,1779332547000,"거래소노조·경실련, '금감원 출신 거래소 임원행' 공익감사 청구"
AKR20260520124600030,정수연,산업,1779382953375,https://www.yna.co.kr/view/AKR20260520124600030,1779332432000,"소비자원 ""트로트 팬덤 투표앱, 환불 어려워…개선 조치"""
AKR20260521046100003,조성흠,경제,1779382953376,https://www.yna.co.kr/view/AKR20260521046100003,1779332428000,"""한국 제조업 수출, 실질적 점유율 올리는 전략으로 전환해야"""
AKR20260521046500002,김수현,경제,1779382953376,https://www.yna.co.kr/view/AKR20260521046500002,1779332428000,"공정위, 챗GPT·제미나이 등 AI 서비스 시장 실태조사"
AKR20260521056500002,김지연,경제,1779382953377,https://www.yna.co.kr/view/AKR20260521056500002,1779332427000,"""은행 통해 ETF 거래시 실시간 매매 어려워요""…ETF투자 유의점"
AKR20260521058500002,이대희,경제,1779382953377,https://www.yna.co.kr/view/AKR20260521058500002,1779332424000,개인 기부금 1위는 월드비전…법인 기부금은 사랑의열매가 최다
AKR20260521063900530,한혜원,경제,1779382953378,https://www.yna.co.kr/view/AKR20260521063900530,1779332422000,"노동부-외교부, 해외취업 협의회 개최…취업희망 청년 멘토링"
AKR20260521067600002,김수현,경제,1779382953378,https://www.yna.co.kr/view/AKR20260521067600002,1779332418000,"""담합 신고하면 팔자 고치도록""…공정위, 포상금 상한 없앤다"
AKR20260521079000002,이세원,경제,1779382953378,https://www.yna.co.kr/view/AKR20260521079000002,1779332407000,범죄에 악용되는 가상자산…국경 넘은 거래 모니터링한다
AKR20260521080400017,조승한,경제,1779382953379,https://www.yna.co.kr/view/AKR20260521080400017,1779332406000,실험실창업 기업의 질주…매출·고용 모두 빠르게 성장
AKR20260521082800002,안채원,경제,1779382953380,https://www.yna.co.kr/view/AKR20260521082800002,1779332404000,1분기 수출 '톱10' 비중 과반…반도체 업은 대기업 53% 뛰어
AKR20260521086500002,송정은,경제,1779382953380,https://www.yna.co.kr/view/AKR20260521086500002,1779332403000,"""일요일 마트 열자 쿠팡 등 온라인 흡수…전통시장 타격 없어"""
AKR20260521091900704,류재갑,경제,1779382953381,https://www.yna.co.kr/view/AKR20260521091900704,1779332075000,[영상] 삼성전자 성과급 합의…메모리 1인당 6억·적자 사업부 1.6억
AKR20260521090400073,경수현,경제,1779382953381,https://www.yna.co.kr/view/AKR20260521090400073,1779331430000,"지난달 '금리 동결' 찬성했던 일본은행 위원 ""인상 필요"""
AKR20260521090500008,증권부,경제,1779382953382,https://www.yna.co.kr/view/AKR20260521090500008,1779331405000,국고채 금리 일제히 하락…3년물 장중 연 3.717%
AKR20260521068451003,김보경,경제,1779382953383,https://www.yna.co.kr/view/AKR20260521068451003,1779330985000,"경제단체들 ""삼성전자 노사 합의 다행…국민경제에 큰 의미""(종합)"
AKR20260521085900002,박수현,경제,1779382953383,https://www.yna.co.kr/view/AKR20260521085900002,1779330903000,'가상자산 과세 폐지' 청원 5만명 동의…국회서 논의 예정
AKR20260521086200002,안채원,경제,1779382953384,https://www.yna.co.kr/view/AKR20260521086200002,1779330337000,"[게시판] 기획처, KDI대학원·美 인디애나대 학생들과 정책토론회"
AKR20260521082700008,증권부,경제,1779382953384,https://www.yna.co.kr/view/AKR20260521082700008,1779330139000,"셀트리온, 주당 0.05주 무상증자 결정"
AKR20260521050351008,김유아,경제,1779382953385,https://www.yna.co.kr/view/AKR20260521050351008,1779330091000,"코스피, 삼성전자 노사합의 등 호재에 급반등…7,700선 등락"
AKR20260521082900504,김철선,경제,1779382953385,https://www.yna.co.kr/view/AKR20260521082900504,1779329769000,"[게시판] 보훈부·한수원, 독립유공자 후손 지원 '희망동행' 업무협약"
AKR20260521079900030,홍국기,경제,1779382953386,https://www.yna.co.kr/view/AKR20260521079900030,1779329753000,K푸드 1∼4월 수출 35억8천만달러…중동 지역 전년비 38% 증가
AKR20260521053900004,황재하,경제,1779382953386,https://www.yna.co.kr/view/AKR20260521053900004,1779329701000,서울 도시정비형 재개발 규제 완화…법적상한용적률 최대 1.2배
AKR20260521055700004,황재하,경제,1779382953387,https://www.yna.co.kr/view/AKR20260521055700004,1779329700000,월 10만원 적립 중소기업 근로자에 3.4배 환급…서울형 이음공제
AKR20260521079700054,전승현,경제,1779382953388,https://www.yna.co.kr/view/AKR20260521079700054,1779329621000,"""스타벅스 쿠폰 이용 않기로""…광주은행, 지급행사 '중단'"
AKR20260521079800004,정준영,경제,1779382953388,https://www.yna.co.kr/view/AKR20260521079800004,1779329111000,"AI 활용부터 도보 배송까지…동작구, 시니어 재취업 교육"
AKR20260521074700002,강수련,경제,1779382953389,https://www.yna.co.kr/view/AKR20260521074700002,1779329101000,자동차보험 4월 누적 손해율 85.8%…작년 대비 2.5%p 올라
AKR20260521039051008,이민영,경제,1779382953389,https://www.yna.co.kr/view/AKR20260521039051008,1779328929000,"삼전, 7%대↑ '29만전자' 회복…주가 어디까지? 목표가 57만원도(종합)"
AKR20260521026100003,장보인,경제,1779382953390,https://www.yna.co.kr/view/AKR20260521026100003,1779328805000,"무역협회, '2026 EU 신통상 파트너십 포럼' 개최"
AKR20260521050800002,강류나,경제,1779382953390,https://www.yna.co.kr/view/AKR20260521050800002,1779328805000,"금감원 ""소비자중심 디지털경영 정착해야…IT사고 책임 명확히"""
AKR20260521033900003,오진송,경제,1779382953391,https://www.yna.co.kr/view/AKR20260521033900003,1779328804000,냉난방비 얼마나 줄일까?…그린리모델링 컨설팅 첫 지원
AKR20260521068600030,김세린,경제,1779382953391,https://www.yna.co.kr/view/AKR20260521068600030,1779328802000,계란 크기 오늘부터 '왕·특·대'에서 '2XL·XL·L'로 변경
AKR20260521070400530,차민지,경제,1779382953392,https://www.yna.co.kr/view/AKR20260521070400530,1779328802000,2차 고유가지원금 신청자 1천500만명 육박…전체 3.7조 지급
AKR20260521070300030,한주홍,경제,1779382953392,https://www.yna.co.kr/view/AKR20260521070300030,1779328801000,"'빈집 리모델링·군사벙커 활용'…농식품부, 창업 우수기업 선정"
AKR20260521073800030,한주홍,경제,1779382953393,https://www.yna.co.kr/view/AKR20260521073800030,1779328801000,"[게시판] 농식품부, 농촌융복합산업 우수사례 경진대회 참가자 모집"
AKR20260521076200030,김세린,경제,1779382953393,https://www.yna.co.kr/view/AKR20260521076200030,1779328489000,한·네덜란드 농업 협력 MOU 개정 체결…13년 만에 보완 완료
AKR20260521060600030,한주홍,경제,1779382953394,https://www.yna.co.kr/view/AKR20260521060600030,1779328327000,"상미당홀딩스, 푸르메재단에 장애 어린이 기금 2억원 전달"
AKR20260521067500371,정아란,경제,1779382953394,https://www.yna.co.kr/view/AKR20260521067500371,1779328259000,유학생 10명 중 9명 전월세 거주…기숙사 대신 원룸·빌라로
AKR20260521074900002,한지훈,경제,1779382953395,https://www.yna.co.kr/view/AKR20260521074900002,1779328249000,"신한은행 ""나라사랑카드 발급 30만좌 돌파"""
AKR20260521073500002,한지훈,경제,1779382953395,https://www.yna.co.kr/view/AKR20260521073500002,1779328226000,아폴로·테더·로빈후드 'KBW 2026' 연사로
AKR20260521072600008,황철환,경제,1779382953396,https://www.yna.co.kr/view/AKR20260521072600008,1779328099000,"다시 달리는 코스피, 장중 7,700선 회복…'8천피' 재탈환하나"
AKR20260521071100003,오진송,경제,1779382953396,https://www.yna.co.kr/view/AKR20260521071100003,1779327705000,"[동정] 최인호 HUG 사장, 대한건설협회 방문…현안 논의"
AKR20260521063200017,신선미,경제,1779382953397,https://www.yna.co.kr/view/AKR20260521063200017,1779327673000,삼성전자 극적 합의…IT·바이오 노사갈등 변수 되나
AKR20260521177200017,박상현,사회,1779382953398,https://www.yna.co.kr/view/AKR20260521177200017,1779364034000,"'케이캡' 누적 처방 1조원 돌파…""국산 신약 단일제 최초"""
AKR20260521175900017,박상현,산업,1779382953399,https://www.yna.co.kr/view/AKR20260521175900017,1779363136000,[인사] 우주항공청
AKR20260521174300003,장보인,산업,1779382953399,https://www.yna.co.kr/view/AKR20260521174300003,1779360394000,"산업장관, UAE 장관과 바라카 원전 안전 현황 점검"
AKR20260521159700003,장보인,산업,1779382953401,https://www.yna.co.kr/view/AKR20260521159700003,1779357601000,"산업부 ""한일 원유 스와프 '윈윈'…합의 구체화할 것"""
AKR20260521168300030,이상서,산업,1779382953402,https://www.yna.co.kr/view/AKR20260521168300030,1779356328000,"롯데렌탈, 제삼자 배정 유상증자 철회…""주가 희석 우려 해소"""
AKR20260521166400017,박상현,사회,1779382953403,https://www.yna.co.kr/view/AKR20260521166400017,1779354849000,"한미약품, 동남아에 복합제 3종 수출…오가논과 협력"
AKR20260521161500051,김선호,산업,1779382953404,https://www.yna.co.kr/view/AKR20260521161500051,1779352803000,아트부산 개막…18개국 110여개 갤러리 참여
AKR20260521160000054,형민우,사회,1779382953404,https://www.yna.co.kr/view/AKR20260521160000054,1779352164000,"김영록 ""5·18 조롱 기업 미래 없다""…스타벅스 규탄"
AKR20260521117251003,김민지,산업,1779382953407,https://www.yna.co.kr/view/AKR20260521117251003,1779351008000,"SK온, 포드와 합작체제 완전 종결…차입금 5조4천억원↓(종합)"
AKR20260521153700053,김현태,산업,1779382953407,https://www.yna.co.kr/view/AKR20260521153700053,1779350779000,대구 상장법인 1분기 영업이익 31.8%↑·매출액 6.6%↑
AKR20260521154400030,정수연,산업,1779382953408,https://www.yna.co.kr/view/AKR20260521154400030,1779350739000,"이마트, 신세계푸드 매수가 인상 공시…스타벅스 리스크도 적시"
AKR20260521092152004,이의진,사회,1779382953408,https://www.yna.co.kr/view/AKR20260521092152004,1779350648000,"'탱크데이' 논란 정용진 사건, 서울청 광수단이 직접 수사(종합2보)"
AKR20260521149151530,옥성구,사회,1779382953409,https://www.yna.co.kr/view/AKR20260521149151530,1779350532000,"민주노총 ""대법, HD현대중에 면죄부 판결…노란봉투법 휴지조각""(종합)"
AKR20260521146800062,유형재,사회,1779382953410,https://www.yna.co.kr/view/AKR20260521146800062,1779350294000,"오대산, 야생동물 보호에 AI 도입…'로드킬 주의 예보제' 추진"
AKR20260521153500056,백나용,산업,1779382953411,https://www.yna.co.kr/view/AKR20260521153500056,1779350204000,석가탄신일 연휴에 17만3천명 제주로…작년 대비 5.8% 증가
AKR20260521146600062,양지웅,산업,1779382953412,https://www.yna.co.kr/view/AKR20260521146600062,1779350101000,"강원농업기술원, 제2차 지역특화작목 연구개발·육성 계획 수립"
AKR20260521146100062,이상학,사회,1779382953412,https://www.yna.co.kr/view/AKR20260521146100062,1779350072000,춘천 시내버스 파업 하루 만에 종료…22일부터 정상 운행
AKR20260521149100530,옥성구,사회,1779382953414,https://www.yna.co.kr/view/AKR20260521149100530,1779349714000,"민주노총 ""대법, HD현대중에 면죄부 판결…노란봉투법 휴지조각"""
AKR20260521065151008,임은진,산업,1779382953416,https://www.yna.co.kr/view/AKR20260521065151008,1779348605000,삼성전자 급등에…그룹 상장사 시총 합계도 2천200조원 돌파(종합)
AKR20260521140100005,고미혜,산업,1779382953416,https://www.yna.co.kr/view/AKR20260521140100005,1779348600000,"중앙그룹, 5천500억원 규모 사옥 3곳 유동화 추진…코람코와 MOU"
AKR20260521117200003,김민지,산업,1779382953417,https://www.yna.co.kr/view/AKR20260521117200003,1779348586000,"SK온, 미국 테네시공장 단독 법인 출범…포드와 합작체제 종결"
AKR20260521145500003,강태우,사회,1779382953418,https://www.yna.co.kr/view/AKR20260521145500003,1779348465000,"삼성전자 전영현 ""갈등은 뒤로, 힘 모아야""…사내 결속 당부"
AKR20260521140400003,임성호,산업,1779382953418,https://www.yna.co.kr/view/AKR20260521140400003,1779348276000,1분기 글로벌 TV 출하량 4천700만대…삼성전자 점유율 1위
AKR20260521146000051,민영규,산업,1779382953419,https://www.yna.co.kr/view/AKR20260521146000051,1779348261000,"남부발전, 안동복합 2호기 시운전 본격 착수"
AKR20260521141600051,박성제,사회,1779382953420,https://www.yna.co.kr/view/AKR20260521141600051,1779348214000,호르무즈 갇힌 한국 선박 첫 통과했지만 25척 선원 116명 남아
AKR20260521141200002,김지연,산업,1779382953422,https://www.yna.co.kr/view/AKR20260521141200002,1779348139000,"[게시판] 캠코, 컴플라이언스 어워즈 공공부문 대상 수상"
AKR20260521140800017,김주환,사회,1779382953422,https://www.yna.co.kr/view/AKR20260521140800017,1779347686000,"엔씨 ""유튜브 채널 '겜창현' 고소 취하…재발 방지 약속"""
AKR20260521085752030,정수연,산업,1779382953423,https://www.yna.co.kr/view/AKR20260521085752030,1779347393000,"홈플 ""김광일 부회장, 브릿지론 이행보증""…메리츠 ""수용 못 해""(종합2보)"
AKR20260521075251008,고은지,산업,1779382953424,https://www.yna.co.kr/view/AKR20260521075251008,1779347135000,삼성전자 노사 합의에 반도체·삼성그룹 ETF도 일제히 '불기둥'(종합)
AKR20260521139600062,양지웅,산업,1779382953425,https://www.yna.co.kr/view/AKR20260521139600062,1779346972000,"철원군, 고령층 정서 회복 치유농업 프로그램 운영"
AKR20260521076800530,양정우,사회,1779382953426,https://www.yna.co.kr/view/AKR20260521076800530,1779346800000,'제7기 공공데이터분쟁조정위' 출범…위원장에 김일환 교수
AKR20260521138100017,김주환,산업,1779382953427,https://www.yna.co.kr/view/AKR20260521138100017,1779346709000,[만나보니] 소울라이크에 익스트랙션 더했다…'프로젝트 래빗' 주목
AKR20260521136300003,강태우,산업,1779382953428,https://www.yna.co.kr/view/AKR20260521136300003,1779346553000,"한화큐셀, 국내 최대 태양광 사업에 국산 셀·모듈 공급"
AKR20260521138400530,홍준석,사회,1779382953429,https://www.yna.co.kr/view/AKR20260521138400530,1779346271000,"한-필리핀 소방청, 국제 재난대응 협력 강화키로"
AKR20260521128000057,장영은,사회,1779382953431,https://www.yna.co.kr/view/AKR20260521128000057,1779345964000,울주군 노년층 대상 'SKT 찾아가는 서비스'…금융 범죄 예방
AKR20260521052051008,임은진,산업,1779382953431,https://www.yna.co.kr/view/AKR20260521052051008,1779345650000,"[특징주] 한올바이오파마, 파트너사 중간 임상 결과에 상한가(종합)"
AKR20260521132300054,조근영,산업,1779382953433,https://www.yna.co.kr/view/AKR20260521132300054,1779345349000,"전남농협, 전남·광주 행정 통합 기념 상생장터 개최"
AKR20260521129400030,이상서,사회,1779382953434,https://www.yna.co.kr/view/AKR20260521129400030,1779345046000,"중기중앙회 ""삼성전자 노사 합의 다행…中企 역할도 평가받아야"""
AKR20260521132200017,박형빈,산업,1779382953435,https://www.yna.co.kr/view/AKR20260521132200017,1779344931000,"TTA, AI 보안 표준 개발 착수…전문가 프로젝트그룹 출범"
AKR20260521092151004,이의진,사회,1779382953436,https://www.yna.co.kr/view/AKR20260521092151004,1779344415000,양정원 담당 부서가 정용진도 수사…29일 고발인 소환(종합)
AKR20260521062700052,이정훈,산업,1779382953437,https://www.yna.co.kr/view/AKR20260521062700052,1779343501000,"경남도, 창원국가산단에 AI 전환 선도공장 3곳 구축 착수"
AKR20260521079300017,권하영,산업,1779382953438,https://www.yna.co.kr/view/AKR20260521079300017,1779343202000,AI로 기후·감염병 푼다…한국 주도 '글로벌 AI 허브' 출범
AKR20260521122000017,조승한,산업,1779382953439,https://www.yna.co.kr/view/AKR20260521122000017,1779343200000,"원안위원장 ""의료 방사선 안전, 경영진 역할 중요"""
AKR20260521124600030,홍국기,산업,1779382953440,https://www.yna.co.kr/view/AKR20260521124600030,1779343149000,"[속보] 농협, 조합원 직선제 수용…외부 감사위 설치는 사실상 거부"
AKR20260521124500017,조승한,산업,1779382953440,https://www.yna.co.kr/view/AKR20260521124500017,1779343121000,필즈상 수상자부터 호암상 석학까지…수학 거장들 한국 온다
AKR20260521121600054,김혜인,산업,1779382953442,https://www.yna.co.kr/view/AKR20260521121600054,1779342971000,"광주·전남 시민사회, 정용진 신세계그룹 회장 사퇴 촉구"
AKR20260521118000003,김윤구,산업,1779382953443,https://www.yna.co.kr/view/AKR20260521118000003,1779342866000,"현대글로비스, 2030년까지 해양 플라스틱 제거 지원"
AKR20260521122800062,임보연,산업,1779382953444,https://www.yna.co.kr/view/AKR20260521122800062,1779342545000,"평창군-서울대 GBST, 그린바이오·지역상생 협력 확대 추진"
AKR20260521119600065,신민재,산업,1779382953445,https://www.yna.co.kr/view/AKR20260521119600065,1779341725000,몽골에 19년째 일군 '인천 희망의 숲'…축구장 220개 면적
AKR20260521118100004,황재하,산업,1779382953445,https://www.yna.co.kr/view/AKR20260521118100004,1779341692000,"강동구, 골목형상점가 4곳 신규 지정…기존 1곳 구역 확대"
AKR20260521116900003,홍규빈,산업,1779382953446,https://www.yna.co.kr/view/AKR20260521116900003,1779341550000,"HD한국조선해양, 암모니아 운반선 6척 1조782억원에 수주"
AKR20260521116200011,김도현,산업,1779382953447,https://www.yna.co.kr/view/AKR20260521116200011,1779341401000,[연합뉴스 이 시각 헤드라인] - 14:30
AKR20260521106100052,박정헌,산업,1779382953448,https://www.yna.co.kr/view/AKR20260521106100052,1779341211000,"화물연대 조합원 사망사고 낸 40대 비조합원, 징역 3년 구형"
AKR20260521114200017,조승한,산업,1779382953449,https://www.yna.co.kr/view/AKR20260521114200017,1779340952000,[AI픽] 피지컬 AI 뜬다는데…국내 기업 도입률은 15%
AKR20260521085751030,조민정,산업,1779382953449,https://www.yna.co.kr/view/AKR20260521085751030,1779340889000,"홈플 ""김광일 부회장, 브릿지론 이행보증""…메리츠 ""수용 못 해""(종합)"
AKR20260521110500017,박상현,산업,1779382953450,https://www.yna.co.kr/view/AKR20260521110500017,1779340850000,"[바이오스냅] 종근당, 미국서 스폰서십 행사 '팜 골든 티켓'"
AKR20260521114300055,김진방,산업,1779382953450,https://www.yna.co.kr/view/AKR20260521114300055,1779340808000,"농진청, 휴가철 대비 전국 농촌 체험장 등 991곳 안전 점검"
AKR20260521109900017,조승한,산업,1779382953451,https://www.yna.co.kr/view/AKR20260521109900017,1779340805000,"과기정통부, 한계도전 R&D 2기 PM 4명 선정"
AKR20260521114100056,백나용,산업,1779382953451,https://www.yna.co.kr/view/AKR20260521114100056,1779340687000,제주 하늘길 좌석난 심화에 제주관광협회 '대국민 서명운동'
AKR20260521109100017,김주환,산업,1779382953453,https://www.yna.co.kr/view/AKR20260521109100017,1779340407000,중동 불안에 e스포츠 월드컵 개최지 변경…리야드서 파리로
AKR20260521113500055,최영수,산업,1779382953453,https://www.yna.co.kr/view/AKR20260521113500055,1779340218000,"롯데백화점 전주점, 개점 22주년 행사…할인권·사은품 제공"
AKR20260521112100065,신민재,산업,1779382953454,https://www.yna.co.kr/view/AKR20260521112100065,1779339907000,"인천도시공사, 창립 23주년 맞아 'AI 전환' 비전 선포"
AKR20260521029600065,신민재,산업,1779382953455,https://www.yna.co.kr/view/AKR20260521029600065,1779339621000,"인천·강원·충북, 'K-양자 바이오 얼라이언스' 출범"
AKR20260521051700017,박형빈,산업,1779382953456,https://www.yna.co.kr/view/AKR20260521051700017,1779339620000,"[동정] 배경훈 부총리, 국제전기통신연합과 협력 방안 논의"
AKR20260521068900017,권하영,산업,1779382953456,https://www.yna.co.kr/view/AKR20260521068900017,1779339619000,[AI픽] AI 챔피언·루키 대회 개막…3천여명 실력 겨룬다
AKR20260521108700003,조성흠,산업,1779382953459,https://www.yna.co.kr/view/AKR20260521108700003,1779339165000,"한화솔루션, 미국 첨단제조세액공제 2천억원 규모 유동화"
AKR20260521107200003,김민지,산업,1779382953460,https://www.yna.co.kr/view/AKR20260521107200003,1779339116000,"화학산업협회, 환경·사회공헌 통합브랜드 '케미칼 플래닛' 출범"
AKR20260521106000017,김주환,산업,1779382953460,https://www.yna.co.kr/view/AKR20260521106000017,1779339082000,"넥슨, '아크 레이더스' PC방서 무료 오픈베타 서비스"
AKR20260521094651017,김주환,산업,1779382953461,https://www.yna.co.kr/view/AKR20260521094651017,1779338850000,[가보니] 빗속에도 긴줄…플레이엑스포 달군 게임팬들(종합)
AKR20260521105700065,황정환,산업,1779382953462,https://www.yna.co.kr/view/AKR20260521105700065,1779338683000,인천 옹진군 옛 청사 매각 유찰…응찰자 없어
AKR20260521105000060,노승혁,산업,1779382953463,https://www.yna.co.kr/view/AKR20260521105000060,1779338527000,"고양시, 폭염 취약 노인 20여 가구에 에어컨 설치 지원"
AKR20260521039851073,배진남,산업,1779382953463,https://www.yna.co.kr/view/AKR20260521039851073,1779337891000,올해 日 아이치·나고야 아시안게임에 '버추얼 태권도' 추가(종합)
AKR20260521101200004,정준영,산업,1779382953464,https://www.yna.co.kr/view/AKR20260521101200004,1779337654000,로켓발사 체험하고 달 관측…서울 강서구 '우주항공 주간' 행사
AKR20260521070953004,양수연,산업,1779382953466,https://www.yna.co.kr/view/AKR20260521070953004,1779334967000,"삼성전자 주주단체 ""영업이익 12% 연동 성과급 위법""…법적대응(종합2보)"
AKR20260521090300004,윤민혁,산업,1779382953466,https://www.yna.co.kr/view/AKR20260521090300004,1779334347000,마포 오피스텔 전기실 화재로 800여세대 정전…이틀째 주민 불편
AKR20260521094200004,김채린,산업,1779382953467,https://www.yna.co.kr/view/AKR20260521094200004,1779333331000,"박종철기념사업회 등, 스타벅스 앞에서 ""정용진, 경영 물러나야"""
AKR20260521095000001,고동욱,산업,1779382953467,https://www.yna.co.kr/view/AKR20260521095000001,1779332858000,"靑, '삼성 노사합의' 산업계 영향에 ""정부, 합리적 조정 지원"""
AKR20260521092100004,이의진,산업,1779382953468,https://www.yna.co.kr/view/AKR20260521092100004,1779332743000,"스타벅스 '탱크데이' 논란 정용진 고발사건, 강남경찰서가 수사"
AKR20260521094600017,김주환,산업,1779382953468,https://www.yna.co.kr/view/AKR20260521094600017,1779332628000,빗속에도 게임 팬 북적…수도권 최대 게임쇼 플레이엑스포 개막
AKR20260521051500017,권하영,산업,1779382953470,https://www.yna.co.kr/view/AKR20260521051500017,1779332429000,"정부, 블록체인 기업에 기술개발 자금 3억원 지원"
AKR20260521184200527,기상뉴스,사회,1779382953471,https://www.yna.co.kr/view/AKR20260521184200527,1779372178000,울산 앞바다 등 3곳 내일 풍랑주의보
AKR20260521182600061,강영훈,사회,1779382953471,https://www.yna.co.kr/view/AKR20260521182600061,1779370864000,안성 바이오디젤 생산업체서 안전사고…1명 중상
AKR20260521182200061,강영훈,사회,1779382953472,https://www.yna.co.kr/view/AKR20260521182200061,1779369696000,경기광주서 차량이 식당 돌진…인명피해 없어
AKR20260521164252053,김선형,사회,1779382953473,https://www.yna.co.kr/view/AKR20260521164252053,1779368575000,추풍령휴게소 진입하던 소방버스 나무로 돌진…11명 중경상(종합2보)
AKR20260521180000054,정다움,사회,1779382953473,https://www.yna.co.kr/view/AKR20260521180000054,1779367433000,'책상에 탁!' 스타벅스 마시는 전두환 합성 사진 온라인서 유포
AKR20260521179300062,류호준,사회,1779382953475,https://www.yna.co.kr/view/AKR20260521179300062,1779366704000,현직 경찰관이 술 마시고 전동킥보드 몰다 연석 '쾅'…대기 발령
AKR20260521178300004,최원정,사회,1779382953477,https://www.yna.co.kr/view/AKR20260521178300004,1779365027000,[속보] '내란선전 혐의' 이은우 前 KTV원장 구속영장 기각
AKR20260521178200053,김선형,사회,1779382953477,https://www.yna.co.kr/view/AKR20260521178200053,1779364936000,경주 한 사찰 부속건물서 화재…2시간여만에 진화
AKR20260521177400003,홍규빈,사회,1779382953479,https://www.yna.co.kr/view/AKR20260521177400003,1779363997000,"국토·행안부, '철근 누락' GTX 삼성역 구간 전체 안전점검"
AKR20260521128300530,차민지,사회,1779382953479,https://www.yna.co.kr/view/AKR20260521128300530,1779363025000,[인사] 행정안전부
AKR20260521173900004,최원정,사회,1779382953480,https://www.yna.co.kr/view/AKR20260521173900004,1779361915000,"현직 검사 ""중수청·공소청·법왜곡죄는 위헌"" 헌재에 권한쟁의"
AKR20260521159300004,전재훈,사회,1779382953482,https://www.yna.co.kr/view/AKR20260521159300004,1779361200000,[날씨] 내일도 제주·전남 곳곳 소나기…낮 최고 27도
AKR20260521123951004,이미령,사회,1779382953483,https://www.yna.co.kr/view/AKR20260521123951004,1779356979000,"대법 ""비의료인 문신, 무면허 의료행위 아냐""…34년만 판례변경(종합)"
AKR20260521121351004,김채린,사회,1779382953484,https://www.yna.co.kr/view/AKR20260521121351004,1779356658000,"전처 연인에게 흉기 휘두른 50대 구속…""도주·증거인멸 우려""(종합)"
AKR20260521165900061,권준우,사회,1779382953485,https://www.yna.co.kr/view/AKR20260521165900061,1779355594000,이천 아파트서 학내문제 공익제보 고교 교사 추락해 사망
AKR20260521164251053,윤관식,사회,1779382953487,https://www.yna.co.kr/view/AKR20260521164251053,1779354667000,경부고속도 추풍령휴게소서 소방버스 단독사고…4명 부상(종합)
AKR20260521164800004,박재현,사회,1779382953488,https://www.yna.co.kr/view/AKR20260521164800004,1779354060000,수습기자에 위증 지시한 언론사 운영자…검찰 직접 수사로 덜미
AKR20260521164300061,이영주,사회,1779382953489,https://www.yna.co.kr/view/AKR20260521164300061,1779354047000,생후 8개월 아들 리모컨으로 때려 숨지게 한 친모 구속기소
AKR20260521164200053,윤관식,사회,1779382953492,https://www.yna.co.kr/view/AKR20260521164200053,1779353346000,김천 경부고속도로 추풍령휴게소서 소방버스 사고…4명 부상
AKR20260521162900062,류호준,사회,1779382953493,https://www.yna.co.kr/view/AKR20260521162900062,1779353313000,동해고속도로서 트럭이 중앙분리대 '쾅'…빗길 미끄러짐 추정
AKR20260521162600062,강태현,사회,1779382953494,https://www.yna.co.kr/view/AKR20260521162600062,1779353267000,"강원소방, 산악사고 대응 강화…GPS 기반 수색체계 운영"
AKR20260521155451530,차민지,사회,1779382953495,https://www.yna.co.kr/view/AKR20260521155451530,1779352375000,"윤호중 ""스타벅스 반역사적 행태 유감""…사실상 불매운동 선언"
AKR20260521154900004,이의진,사회,1779382953496,https://www.yna.co.kr/view/AKR20260521154900004,1779352225000,"강남서, 창원 NC파크 사망사고 유족 고소인 조사…""공정수사 원해"""
AKR20260521152400062,박영서,사회,1779382953497,https://www.yna.co.kr/view/AKR20260521152400062,1779352009000,"한전 HVDC건설본부, 영월 상동고에 발전기금 1천만원 전달"
AKR20260521150800062,이상학,사회,1779382953499,https://www.yna.co.kr/view/AKR20260521150800062,1779351871000,"춘천경실련 ""지방자치 활성화 위해 지방의회 신뢰 회복해야"""
AKR20260521157600530,이재영,사회,1779382953500,https://www.yna.co.kr/view/AKR20260521157600530,1779351689000,금요일 오전부터 점차 맑아져…기온도 예년 이맘때 수준 유지
AKR20260521154500004,이승연,사회,1779382953501,https://www.yna.co.kr/view/AKR20260521154500004,1779351446000,"'유서대필' 강기훈 파기환송심서 국가배상액↑…""6700만원 추가"""
AKR20260521155700004,이미령,사회,1779382953502,https://www.yna.co.kr/view/AKR20260521155700004,1779351124000,"교사가 아동 강제추행 시 최소 징역 7년6개월…헌재, 위헌 결정"
AKR20260521107701004,한지은,사회,1779382953502,https://www.yna.co.kr/view/AKR20260521107701004,1779351042000,배우 김규리 자택 침입해 강도·폭행 40대 남성 체포(종합)
AKR20260521156900530,차민지,사회,1779382953503,https://www.yna.co.kr/view/AKR20260521156900530,1779351023000,"[속보] 행안장관 ""민주주의 역사 가볍게 여긴 기업 상품 제공 안 할 것"""
AKR20260521155400530,차민지,사회,1779382953504,https://www.yna.co.kr/view/AKR20260521155400530,1779350901000,"[속보] 행안장관 ""스타벅스 코리아 반역사적 행태에 깊은 유감"""
AKR20260521156100065,김상연,사회,1779382953504,https://www.yna.co.kr/view/AKR20260521156100065,1779350874000,'순천→인천' 헬기로 400㎞ 이송해 응급환자 치료
AKR20260521155900004,최원정,사회,1779382953505,https://www.yna.co.kr/view/AKR20260521155900004,1779350803000,"[게시판] 법무부, 22일 '월간 업무회의' 유튜브 생중계"
AKR20260521141800004,전재훈,사회,1779382953507,https://www.yna.co.kr/view/AKR20260521141800004,1779350595000,'GTX 삼성역 철근 누락' 서울경찰청 반부패수사대가 내사
AKR20260521139751004,이영섭,사회,1779382953507,https://www.yna.co.kr/view/AKR20260521139751004,1779350582000,조태용 前국정원장 '정치관여' 무죄…위증으로 징역 1년6개월(종합)
AKR20260521153800007,이영호,사회,1779382953509,https://www.yna.co.kr/view/AKR20260521153800007,1779350333000,"콩고민주공화국 축구대표팀, 에볼라 공포에 국내 훈련 캠프 취소"
AKR20260521149400530,김영신,사회,1779382953515,https://www.yna.co.kr/view/AKR20260521149400530,1779349626000,"복지차관, 화성서 고유가지원금·그냥드림 현장 점검"
AKR20260521144300054,정다움,사회,1779382953516,https://www.yna.co.kr/view/AKR20260521144300054,1779349553000,"李대통령, 5·18 폄훼 응징에 오월단체 ""강력 대응 출발점 되길"""
AKR20260521148900052,이준영,사회,1779382953518,https://www.yna.co.kr/view/AKR20260521148900052,1779349122000,"허민 국가유산청장, 국보 밀양 영남루 재난 대응체계 등 점검"
AKR20260521147100004,최윤선,사회,1779382953522,https://www.yna.co.kr/view/AKR20260521147100004,1779348889000,"검찰, 도이치모터스 압수수색…100억대 허위 세금계산서 의혹"
AKR20260521143800052,이준영,사회,1779382953523,https://www.yna.co.kr/view/AKR20260521143800052,1779348887000,"김해시, 경전철 탈선·화재 가정한 복합 재난 대응 훈련"
AKR20260521137500064,김형우,사회,1779382953524,https://www.yna.co.kr/view/AKR20260521137500064,1779348791000,좁은 공간에 갇힌 새끼고양이…청주동물보호센터 보호 방식 논란
AKR20260521140900052,정종호,사회,1779382953527,https://www.yna.co.kr/view/AKR20260521140900052,1779348718000,"""민원 넣었지"" 손도끼 들고 이웃 협박한 50대 남성 구속기소"
AKR20260521147900065,최은지,사회,1779382953528,https://www.yna.co.kr/view/AKR20260521147900065,1779348694000,"""유심 개인정보 유출 화나""…칼부림 예고글 올린 30대 벌금형"
AKR20260521144900371,박현수,사회,1779382953529,https://www.yna.co.kr/view/AKR20260521144900371,1779348643000,"[게시판] GBS고려방송 이믿음 본부장, '세계인의 날' 법무부장관 표창"
AKR20260521145900064,이성민,사회,1779382953530,https://www.yna.co.kr/view/AKR20260521145900064,1779348636000,필로폰 신체에 숨겨 태국서 밀반입…유통 일당 5명 검거
AKR20260521131300061,강영훈,사회,1779382953532,https://www.yna.co.kr/view/AKR20260521131300061,1779348366000,"""주식으로 수익내주겠다""…투자금 끌어모아 잠적한 50대 피소"
AKR20260521144000004,전재훈,사회,1779382953536,https://www.yna.co.kr/view/AKR20260521144000004,1779348011000,"검찰, 전광훈 목사 보석 조건에 '집회 참가 제한' 추가 요청"
AKR20260521142300064,전창해,사회,1779382953539,https://www.yna.co.kr/view/AKR20260521142300064,1779347407000,"장애인단체, 충북도에 '장애인 노동권·자립권' 예산 확보 촉구"
AKR20260521121151004,이미령,사회,1779382953540,https://www.yna.co.kr/view/AKR20260521121151004,1779347310000,"대법 ""노란봉투법 시행 전 원청은 하청노조 단체교섭 의무없어""(종합)"
AKR20260521140500054,김혜인,사회,1779382953541,https://www.yna.co.kr/view/AKR20260521140500054,1779347103000,"현직경찰관, 음주운전 적발돼 직위해제"
AKR20260521139500063,강수환,사회,1779382953541,https://www.yna.co.kr/view/AKR20260521139500063,1779346899000,경찰관이 고소한 사건을 소속 경찰서에서 수사…공정성 논란
AKR20260521128600057,장영은,사회,1779382953542,https://www.yna.co.kr/view/AKR20260521128600057,1779346834000,"울주군 온양문화센터서 23일 '효 콘서트'…""감동과 흥겨움"""
AKR20260521139000004,최원정,사회,1779382953547,https://www.yna.co.kr/view/AKR20260521139000004,1779346674000,"법무·통일부, 소년범 등 취약 수형자에 맞춤형 통일교육"
AKR20260521127500054,장아름,사회,1779382953547,https://www.yna.co.kr/view/AKR20260521127500054,1779346522000,광주 교육계 스타벅스 불매 확산…각종 행사 사용 배제
AKR20260521136900051,차근호,사회,1779382953548,https://www.yna.co.kr/view/AKR20260521136900051,1779346327000,"부산 동래경찰서, 내성지하차도 지반침하 현장점검"
AKR20260521128500057,장영은,사회,1779382953549,https://www.yna.co.kr/view/AKR20260521128500057,1779346290000,"울산대 학생들, 울주군 방문해 지방행정 운영과정 체험"
AKR20260521137800004,이영섭,사회,1779382953551,https://www.yna.co.kr/view/AKR20260521137800004,1779346190000,[2보] '계엄 문건 위증' 조태용 前국정원장 징역 1년 6개월
AKR20260521137700052,김동민,사회,1779382953553,https://www.yna.co.kr/view/AKR20260521137700052,1779346056000,"[동정] 박종훈 경남교육감, 노무현 전 대통령 묘역 참배"
AKR20260521128700053,이승형,사회,1779382953554,https://www.yna.co.kr/view/AKR20260521128700053,1779346033000,"울릉도 여객선 준공영제 추진…""안정적 주민 교통수단 확보"""
AKR20260521080351052,박영민,사회,1779382953555,https://www.yna.co.kr/view/AKR20260521080351052,1779346004000,창원 도심서 흉기 들고 배회하다 시민 위협한 30대 구속 송치(종합)
AKR20260521136200054,전승현,사회,1779382953556,https://www.yna.co.kr/view/AKR20260521136200054,1779345922000,'안부도 묻고 밑반찬도 챙기고'…나주 '성북애찬' 눈길
AKR20260521131600062,강태현,사회,1779382953557,https://www.yna.co.kr/view/AKR20260521131600062,1779345904000,"강원대병원, 만성폐쇄성폐질환 환자 회복기 관리 효과 확인"
AKR20260521135700052,김선경,사회,1779382953557,https://www.yna.co.kr/view/AKR20260521135700052,1779345835000,"창원시, 고립·은둔청년 지원사업 '세상 밖으로 한 걸음' 추진"
AKR20260521135500055,임채두,사회,1779382953558,https://www.yna.co.kr/view/AKR20260521135500055,1779345729000,"전북도, 서남권 해상풍력 '마지막 퍼즐' 1GW 사업자 공개 모집"
AKR20260521135400004,김빛나,사회,1779382953558,https://www.yna.co.kr/view/AKR20260521135400004,1779345706000,'도이치주가조작 공범' 항소심도 징역형 집행유예·벌금 4천만원
AKR20260521133100054,박철홍,사회,1779382953559,https://www.yna.co.kr/view/AKR20260521133100054,1779345667000,[광주소식] 시민의 날에 '안전체험 한마당' 개최
AKR20260521133400051,김재홍,사회,1779382953560,https://www.yna.co.kr/view/AKR20260521133400051,1779345378000,3천400억원 불법 도박사이트 운영 가담한 일당 4명 실형
AKR20260521132900004,이영섭,사회,1779382953564,https://www.yna.co.kr/view/AKR20260521132900004,1779344943000,[1보] '국회 위증' 조태용 前국정원장 1심 징역 1년 6개월
AKR20260521131800004,최윤선,사회,1779382953565,https://www.yna.co.kr/view/AKR20260521131800004,1779344705000,"검찰, '김건희 측근' 이종호 사기 혐의 경찰에 보완수사 요구"
AKR20260521129800004,이영섭,사회,1779382953565,https://www.yna.co.kr/view/AKR20260521129800004,1779344552000,'통일교-김건희 청탁' 건진법사 징역 6년→5년…샤넬백 제출 반영
AKR20260521126700055,나보배,사회,1779382953566,https://www.yna.co.kr/view/AKR20260521126700055,1779344411000,방치된 건물만 노려 전선 '싹둑'…350㎏ 훔친 40대 덜미
